Luxembourg;
United Kingdom;Germany;Japan;Austria
Canada;United Kingdom;United States
Canada;Hong Kong;United Kingdom
United States;
United States;
Netherlands;
United Kingdom (Jersey);Poland;
United States;Canada
Philippines;Hungary
United Arab Emirates;Spain
Belgium;Spain;France;Italy;Slovakia;Netherlands
Luxembourg;
United States;Ireland;
Ireland;Switzerland;United States;
Ireland;United States;
Sweden;Spain;Canada;Netherlands;United States
Luxembourg;United Kingdom;Netherlands;
Luxembourg;United Kingdom;
Luxembourg;United Kingdom;
United States;Poland;
United States;
Germany;
Germany;
United States;Spain;Italy
United States;Germany
United States;Japan
Cyprus;Latvia;United States
Finland;Latvia;Belgium;Germany;United States;United Kingdom
United States;Latvia;Germany;Finland
Denmark;United Kingdom;
Russia;Cyprus;United Kingdom;
Australia;Austria;Germany
Denmark;Sweden;United Kingdom;Finland;
Denmark;Sweden
Sweden;
Sweden;
Sweden;
United States;Singapore;Switzerland;
United States;
United States;
United States;
United States;
United States;
United States;
Mexico;United Kingdom;United States;Bahamas;Netherlands
United Kingdom;United States;Hong Kong;Australia;Switzerland
Australia;United Kingdom;Spain;Hungary;Netherlands;
Australia;
Australia;Spain
Denmark;United Kingdom
Japan;
United Kingdom;
United States;Sweden;United Kingdom;
United Kingdom;
United States;
United States;United Kingdom;Netherlands;
United States;Germany;United Kingdom;
United States;
United States;France
Bermuda;Ireland
Canada;Russia
United Kingdom;Sweden
Israel;Switzerland;United States
Belgium;United States
Belgium;United States;Poland
Belgium;United States
Belgium;China
Belgium;Switzerland;United States
Israel;Bermuda;United States
Belgium;United States
Germany;
Germany;
United Kingdom;France
United Kingdom;Italy
United Kingdom;United States
Philippines;United States
British Virgin Islands;Indonesia;United States
United States;
United States;Netherlands
United Kingdom;France
France;United States
Australia;Italy;Germany;Spain;United Kingdom;Greece
United States;United Kingdom
United States;
United States;Ireland
Switzerland;Germany;Belgium;France;Luxembourg;United Kingdom (Jersey)
Italy;
Italy;Spain
Brazil;Argentina;Japan;United States;Cayman Islands;Bahamas;
Brazil;
Belgium;Switzerland
France;
Hong Kong;United Kingdom;China;India;Japan;Singapore;Taiwan
Hong Kong;Switzerland;United Kingdom
Austria;Greece;United States
Austria;United Kingdom
Germany;
Canada;
Canada;
United Kingdom;Turkey
Austria;Germany;United Kingdom;United States
Sweden;Switzerland;Netherlands
United States;United Kingdom;Belgium;Ireland;Czech Republic
United States;United Kingdom
United States;United Kingdom
United Kingdom;Canada
United Kingdom;Canada;Cayman Islands
United Kingdom;Canada
United Kingdom;Canada
United Kingdom;Canada
Greece;Romania;Bulgaria
France;Luxembourg
France;Luxembourg;Switzerland
Luxembourg;Netherlands;France
United States;Germany;France
Turkey;
United Kingdom;Belgium;France;Netherlands;Switzerland;Spain
Canada;
Canada;Cayman Islands;Bermuda;United Kingdom
Switzerland;
United Kingdom;Spain
United States;
United States;Mexico
United States;
United States;
United States;United Kingdom;United Kingdom (Jersey)
Hungary;Portugal;United States;Spain
Australia;Sweden;New Zealand;United Kingdom (Jersey)
United States;
United States;
United States;Cayman Islands
United Kingdom;France;Germany
France;United Kingdom
Cayman Islands;Germany
China;Canada
China;Canada
United States;
United States;
Japan;Philippines;South Korea;Cayman Islands
United States;Brazil
United States;Brazil
France;
United Kingdom;France
United States;
Greece;Switzerland
United States;Singapore;Switzerland;Germany;Cayman Islands
Germany;
Brazil;
South Africa;Germany
United Kingdom;
United Kingdom;Germany
Germany;United Kingdom;Sweden;France
United Kingdom;
United States;
Ireland;Switzerland
Ireland;Switzerland
United States;Denmark;Ireland;Gibraltar
United States;Gibraltar;Switzerland
Switzerland;United Kingdom
Switzerland;United Kingdom
Greece;
United Kingdom;
Finland;
Finland;
United States;Malaysia;Finland
United Kingdom;
Belgium;
Belgium;Netherlands
United States;Belgium;
United Kingdom;France;Italy;Spain;Germany
Germany;
Germany;South Korea;Malta
Germany;United Kingdom;France;Malta
Germany;Italy
Italy;Germany;France;Poland;United Kingdom (Jersey);United Kingdom (Guernsey);Portugal;Netherlands;Singapore;United States
United States;Brazil;Portugal;Netherlands
France;Australia;Belgium;Spain;Switzerland;Italy;Germany;Sweden;Austria;Poland;Netherlands
Norway;Germany;Sweden
United Kingdom;United States;Germany;Japan;France;Sweden;Austria
United Kingdom;Spain;Italy
Canada;United Kingdom
United Kingdom;
United Kingdom;
United Kingdom;
United Kingdom;Italy
United Kingdom;Netherlands
United States;Denmark
United States;
United Arab Emirates;Hungary
United Kingdom;Hong Kong;United Arab Emirates;Cayman Islands;Malta;Bermuda;Singapore
United Kingdom;
Greece;Switzerland
Switzerland;Greece;Bulgaria;Poland;Romania
United States;
United States;Canada
United Kingdom;Cyprus
Ireland;United Kingdom;Sweden;Germany;Malta
Germany;United Kingdom;Sweden;Ireland;Malta
Germany;United Kingdom;Sweden;Malta;United States;Ireland
United States;United Kingdom;Germany
Poland;United Kingdom (Guernsey);Sweden
Sweden;United States;Poland;United Kingdom (Guernsey);Netherlands
United Kingdom (Guernsey);United Kingdom;United States
United Kingdom (Guernsey);Switzerland
Denmark;Sweden;United Kingdom (Guernsey)
United Kingdom (Guernsey);Germany;Sweden
Netherlands;United Kingdom
Cayman Islands;Germany;Belgium;Taiwan;Hong Kong;United States;Canada;Singapore;British Virgin Islands
Morocco;Kuwait;Switzerland
United Kingdom;Italy
United States;France;Gibraltar
United States;Sweden;Canada;Russia;South Africa;Czech Republic;Italy;Ukraine
Belgium;France;Germany;United Kingdom
Ireland;United States;United Kingdom;United Kingdom (Jersey);Netherlands;Mexico
Ireland;United States;United Kingdom
Ireland;Netherlands;United Kingdom
Canada;Netherlands;Switzerland;Barbados
Canada;Netherlands
Canada;Ireland;Bermuda
Canada;France;United Kingdom;Switzerland
United States;Hong Kong;Mexico
United States;Germany;Bermuda
United States;Japan;Germany
Luxembourg;Netherlands
France;Switzerland;Gibraltar
Italy;United States;United Kingdom;Poland
France
United Kingdom;Spain;United Kingdom (Jersey)
United States;Bermuda;Switzerland;Gibraltar
Luxembourg;Belgium;Switzerland;Spain
Luxembourg;Belgium;Switzerland;Spain
Germany;Netherlands
Luxembourg;United Kingdom (Guernsey);United Kingdom;Switzerland;United Kingdom (Jersey);Belgium
Hong Kong;United Kingdom;British Virgin Islands
Hong Kong;United Kingdom
Australia;United Kingdom;Cayman Islands
Netherlands;Malta
United States;Switzerland
Russia;Netherlands
United Kingdom;United States;Singapore
United States;United Arab Emirates;United Kingdom;Germany;France;Italy
Singapore;France;British Virgin Islands;Hong Kong;Taiwan
Germany;United Kingdom;France;Netherlands
Ireland;United States
Ireland;United States
United Kingdom;United States;Ireland
United Kingdom;
United States;Malaysia;Finland
Canada;United States;Cayman Islands;United Kingdom
United States;Germany
Germany;
Australia;Poland
Australia;Poland
United States;United Arab Emirates;United Kingdom;Germany;France;Italy
Canada;United States;Poland
United States;Hungary;Bermuda
Belgium;France;Cura√ßao
France;
Switzerland;Bahamas
Switzerland;France;British Virgin Islands
France;Monaco
France;Cayman Islands
Switzerland;Monaco;Panama;United States;British Virgin Islands
Italy;Netherlands
Italy;Luxembourg;Netherlands
United Kingdom;
United States;Canada;Vietnam;Netherlands
Germany;
France;
United States;Canada;Ireland;Gibraltar
Ireland;United Kingdom;United Kingdom (Jersey)
United Kingdom;Switzerland;United Kingdom (Jersey)
Italy;
United States;Spain
United States;Canada
United Kingdom;United States
United Kingdom;United States
Italy;United States
United States;United Kingdom;France;Germany;Spain
South Korea;Germany
Hong Kong;Australia;United States;Ireland
Russia;United Kingdom
United Kingdom;Spain
Finland;United States;Switzerland;Ireland;Hungary
Hong Kong;
Hong Kong;Luxembourg
Hong Kong;Canada
Hong Kong;Spain;Netherlands
Hong Kong;Austria
Hong Kong;Sweden
Hong Kong;United Kingdom;Italy;Sweden;Austria;Denmark;Australia
Hong Kong;
Hong Kong;Belgium
Hong Kong;Canada
Hong Kong;United Kingdom;Italy;Sweden;Austria;Denmark;Australia
Hong Kong;United Kingdom;Italy;Sweden;Austria;Denmark;Australia
Hong Kong;Vietnam;Cyprus
Hong Kong;
Hong Kong;
Hong Kong;United Kingdom;British Virgin Islands
Hong Kong;Austria;Italy;United Kingdom;Ireland;Sweden
Germany;Ireland;Spain;Portugal
Luxembourg;Sweden
United Kingdom;United States;Norway
United States;France
Sweden
Sweden;Norway;United Kingdom (Jersey)
Sweden;
Sweden;
Sweden;
Sweden;United Kingdom
Sweden;Netherlands;Luxembourg
Sweden;Netherlands
Sweden;United Kingdom
Sweden;Denmark;Belgium;Netherlands;Luxembourg
Sweden;Switzerland;Netherlands;Denmark;Belgium;Cyprus
United States;United Kingdom
United Kingdom;Canada;Sweden
United States;United Kingdom;Brazil;Germany;Poland
Germany;
United States;China;Netherlands;Ireland;Gibraltar
United States;Italy;France
Italy;United States
United Kingdom;Italy;Gibraltar;Bahrain
United Kingdom;Italy;Gibraltar;Bahrain
Germany;United Kingdom;Luxembourg
Luxembourg;
United States;Netherlands
United States;United Kingdom
United States;Malta
United States;France;Malta
Hong Kong;United Kingdom;Singapore;Netherlands
United States;Germany;Turkey
United States;France
United States;Japan;United Kingdom
Japan;United States
Switzerland;Luxembourg
Iceland;
Luxembourg;Portugal;Italy
United States;British Virgin Islands
China;Mongolia;United States;Canada;France;United Kingdom;Bangladesh
United States;United Kingdom;Germany;Switzerland;Netherlands;Portugal;Mexico
United States;British Virgin Islands;France
Germany;
Germany;
Cyprus;Latvia;United States
United States;Germany;Bermuda
United Kingdom;United Kingdom (Jersey);Netherlands
United Kingdom;Cayman Islands;United Kingdom (Jersey);Netherlands
Belgium;Hong Kong;Cyprus
Belgium;
Belgium;
Belgium;United Kingdom;Denmark;Ireland
Belgium;United States
Canada;Hong Kong;Barbados
Hong Kong;Canada;Barbados
United Kingdom;Sweden;Cayman Islands;United Kingdom (Guernsey);United Kingdom (Jersey)
United Kingdom;Poland;Russia;Cayman Islands;Cyprus
United Kingdom;Ireland
United Kingdom;Ireland
Switzerland;Bermuda
Belgium;Gibraltar;United States
France;
Australia;Bermuda;United States;Canada
Australia;Bermuda;United States
Australia;Bermuda
Australia;Bermuda;Malta;United Kingdom
Australia;Belgium;Germany;United Kingdom;Bermuda;Malta
Australia;United Kingdom;France;Malta
Australia;Greece;Malta;Cyprus;United Kingdom
United States;
Switzerland;Austria;United Kingdom;Germany;France;Italy;Portugal;Spain;Sweden
United States;Spain;Germany;France;Sweden;Italy;United Kingdom;Cayman Islands;Ireland
Spain;United States;Netherlands;United Kingdom (Jersey)
Spain;United States;Netherlands;United Kingdom (Jersey)
United States;Turkey;United Kingdom (Jersey)
United States;Czech Republic;Slovakia;Netherlands
United States;Switzerland;Gibraltar
United Kingdom;United States;Cyprus
United Kingdom;United States;United Kingdom (Guernsey)
United States;Netherlands;United Kingdom;Ireland;Bermuda
United Kingdom;Germany
United Kingdom;Denmark
United Kingdom;Germany;Gibraltar
United Kingdom;Denmark;Germany
United Kingdom;
United States;Ireland;Bermuda;Gibraltar
United States;Brazil;Australia;South Africa;Gibraltar
United States;Brazil;Australia;South Africa;Gibraltar
United Arab Emirates;Australia;Marshall Islands;Netherlands
Japan;
Japan;Australia;United Kingdom;Belgium;Italy;Germany;United Kingdom (Guernsey)
Sweden;United Kingdom (Jersey)
Sweden;United Kingdom (Jersey)
Norway;United Kingdom (Jersey);Sweden
United Kingdom (Jersey);Germany;Sweden
United States;Germany;Austria;United Kingdom;Gibraltar
United Kingdom;
United Kingdom;
Ireland;United Kingdom
United States;United Kingdom;Spain
United States;
Saudi Arabia;Netherlands;Greece;United Kingdom;United States;Austria
Hong Kong;Cayman Islands;Netherlands
Hong Kong;United States;Poland;Netherlands;Gibraltar;Ireland;Canada;Switzerland
United Kingdom (Jersey);Canada;Switzerland
United Kingdom;Germany
United Kingdom;Spain;United Kingdom (Jersey)
Germany;United Kingdom
Germany;United Kingdom
Japan;Netherlands;United States
United States;Canada
United States;Italy
United States;Mexico
United States;United Kingdom;Belgium
United States;Belgium;United Kingdom
United States;India;Netherlands;Gibraltar;Germany;Cyprus;Ireland;Bermuda;Spain
United Kingdom;Ireland;United Kingdom (Guernsey)
United States;United Kingdom;United Kingdom (Guernsey)
United States;British Virgin Islands;Germany;Canada
United States;India;Netherlands
United States;
United States;
Switzerland;Belgium;Ireland;United States
United States;Canada;Belgium;Ireland;Switzerland
United States
United States;Switzerland;Belgium;Italy
United States;Bermuda;Switzerland;Italy;Belgium
United States;United Kingdom;Cyprus;Cayman Islands
United States;United Kingdom;Australia;Cayman Islands
United Kingdom;Malta;Germany
United Kingdom;Malaysia;Ireland;United States
United Kingdom;Germany;Cayman Islands;United States
United Kingdom;France;Germany;Italy;Spain;Belgium;Netherlands
United Kingdom;
Canada;Germany;Gibraltar
United States;China;Ireland;British Virgin Islands
Luxembourg;United States
Luxembourg;
Luxembourg;Ireland
Luxembourg;British Virgin Islands
Luxembourg;British Virgin Islands
United States;Cayman Islands;Gibraltar
United Kingdom;
United Kingdom;
United Kingdom;France
United Kingdom;Netherlands;Ireland
United Kingdom;United Kingdom (Guernsey);United Kingdom (Jersey);Switzerland;Netherlands;Ireland
Russia;British Virgin Islands
United States;
United Kingdom;South Korea;France
United Kingdom;France
United Kingdom;Netherlands
Israel;Netherlands
United States;Switzerland;Gibraltar
Belgium;
Italy;Luxembourg
Italy;
United States;Czech Republic;Slovakia;Netherlands
Russia;
United States;
United Kingdom;Japan;Hong Kong
Netherlands;United Kingdom (Guernsey)
United Kingdom;United States;Ireland;Germany
United Kingdom;United States;Ireland
United Kingdom;United States;Germany;Ireland
United Kingdom;United States;Ireland
United States;United Kingdom;Barbados;Ireland
Ireland;United States;United Kingdom
Austria;
Ireland;United Kingdom
Sweden;Poland
United States;Ireland;United Kingdom;Estonia;Luxembourg;Bahamas
Ireland;Cayman Islands;Luxembourg
United States;Switzerland;Ireland;Luxembourg
Luxembourg;Belgium;Congo;Kenya;Cameroon;Nigeria;Ivory Coast;Liberia;Cambodia;Indonesia;United Kingdom
Switzerland;
France;Italy
United Arab Emirates;Switzerland
Finland;Russia;United Kingdom;United Kingdom (Guernsey);Cyprus
Germany;United States
United States;
United Kingdom;Sweden;Norway;Australia;Ireland;United States
United States;Mexico
United States;
United States;United Kingdom
United States;United Kingdom
United States;
United States;Germany
United States;
Hong Kong;United Kingdom
United States;El Salvador
United Kingdom;Iceland
United Kingdom;Iceland
United Kingdom;Iceland
United Kingdom;
Germany;
Sweden;
Italy;Belgium
Belgium;Luxembourg
Switzerland;Hong Kong
United States;France;Bermuda
Netherlands;
United States;France;Italy;Netherlands;Cayman Islands;United Kingdom;Poland;Austria;Australia;Belgium;Denmark;Hungary;Germany;Sweden;Switzerland
Cayman Islands;Ireland;Estonia;Australia;Poland;Israel;Netherlands
United States;Mexico;Cayman Islands;Switzerland
Germany;United States;Cayman Islands
United States;Spain;Netherlands;Czech Republic;British Virgin Islands
United States;Switzerland;Gibraltar;Cayman Islands;Dominican Republic
France;Canada;United States
United States;Ireland
Germany;Japan
Germany;Japan;United Kingdom;Romania;France
Netherlands;United Kingdom (Guernsey)
United Kingdom;
United Kingdom;Gibraltar
Switzerland;Ireland
Switzerland;
Switzerland;Bermuda;United States
United States;Australia;Ireland;Switzerland
United States;Switzerland;Bermuda
Switzerland;
Switzerland;
Switzerland;United States;Bermuda;Denmark;Australia;Canada;France;United Kingdom;Singapore;Brazil
Italy;
United Kingdom;
United Kingdom;
United Kingdom;Netherlands
United Kingdom;Ireland
Switzerland;France
Brazil;
Belgium;Guinea
Bahrain;Turkey
Italy;
Italy;Germany
Switzerland
Ireland;Cayman Islands
United States;Canada
United States;Canada
Morocco;
Luxembourg;Denmark
Netherlands;Germany
United States;Netherlands
Canada;Ireland;Hungary;France
Spain;United States
Germany;
Germany;
United Kingdom;Germany
United Kingdom;
United Kingdom;
Hong Kong;Poland;Canada
Luxembourg;Switzerland
United Kingdom;United States
United Kingdom;
Switzerland;United Kingdom
Germany;Netherlands
Poland;China
United States;Ireland
Netherlands;British Virgin Islands;Belgium
Luxembourg;Netherlands
Luxembourg;Netherlands;Canada;Cayman Islands
Luxembourg;Netherlands
Italy;Greece
Italy;Egypt
Italy;Greece
Switzerland;Cyprus;United States;Norway;Hungary
Switzerland;Hungary;United States
France;Netherlands
Germany;
Bermuda;United States
United States;Bermuda;Gibraltar
United States;Bermuda
United States;Bermuda;Sweden;Gibraltar
United States;Bermuda
United States;Bermuda;Gibraltar
United States;Sweden;Bermuda
United Kingdom;United States
United States;Belgium
United States;Switzerland
Canada;Argentina;Chile;Netherlands;Barbados
United States;Turkey
United States;Israel;Singapore
United States;Iceland
