Id,Label,Type,Occurrences Count,ID (type 1),Time Interval,Investments
company_ac31b142cb6d1b3a5401c0eaa50884e0,2pct,"<[-Infinity, Infinity, Company]>","<[-Infinity, Infinity, 1]>","<[2009.0, 2010.0, 1]>","<[2009.0, 2010.0]>",
company_30c35cfe06bad14ad455c018cda9b561,3i,"<[-Infinity, Infinity, Company]>","<[-Infinity, Infinity, 3]>","<[2009.0, 2010.0, 2); [2010.0, 2011.0, 3 | 4]>","<[2009.0, 2010.0]; [2010.0, 2011.0]>",
company_0ef54a53ee3e0831f571604c6450f160,abbott laboratories,"<[-Infinity, Infinity, Company]>","<[-Infinity, Infinity, 2]>","<[2009.0, 2010.0, 5 | 6]>","<[2009.0, 2010.0]>",
company_9db7fee19267c4cb827134133a0aa279,abn amro group,"<[-Infinity, Infinity, Company]>","<[-Infinity, Infinity, 1]>","<[2009.0, 2010.0, 7]>","<[2009.0, 2010.0]>",
company_9faa6b81ec71807f0f721a30c0270af6,abris cee mid-market fund,"<[-Infinity, Infinity, Company]>","<[-Infinity, Infinity, 1]>","<[2008.0, 2009.0, 8]>","<[2008.0, 2009.0]>",
company_7fb7615d5642998c6cb42ffac705b74f,abry,"<[-Infinity, Infinity, Company]>","<[-Infinity, Infinity, 1]>","<[2009.0, 2010.0, 9]>","<[2009.0, 2010.0]>",
company_5839d299a90ed276d1a3252219cbaa46,abs - cbn,"<[-Infinity, Infinity, Company]>","<[-Infinity, Infinity, 1]>","<[2009.0, 2010.0, 10]>","<[2009.0, 2010.0]>",
company_0eced006312e6d800c4c1b120ab1559e,abu dhabi investment authority,"<[-Infinity, Infinity, Company]>","<[-Infinity, Infinity, 1]>","<[2010.0, 2011.0, 11]>","<[2010.0, 2011.0]>",
company_bc84f93b2685453ccb2a68dd5f305959,accent jobs,"<[-Infinity, Infinity, Company]>","<[-Infinity, Infinity, 1]>","<[2009.0, 2010.0, 522]>","<[2009.0, 2010.0]>",
company_e96a479c49f59f0f9e66875d0d856ab6,accenture,"<[-Infinity, Infinity, Company]>","<[-Infinity, Infinity, 4]>","<[2009.0, 2010.0, 12 | 13); [2010.0, 2011.0, 14 | 15]>","<[2009.0, 2010.0]; [2010.0, 2011.0]>",
company_ace85d46a737e2d9cd7b1aec9046857f,ace group,"<[-Infinity, Infinity, Company]>","<[-Infinity, Infinity, 1]>","<[2010.0, 2011.0, 16]>","<[2010.0, 2011.0]>",
company_08b8fa182572a43e36d640f330eb72a2,acergy,"<[-Infinity, Infinity, Company]>","<[-Infinity, Infinity, 3]>","<[2010.0, 2011.0, 17 | 18 | 19]>","<[2010.0, 2011.0]>",
company_29986710f70c1937ad771480eb5e013b,advent international (acee4),"<[-Infinity, Infinity, Company]>","<[-Infinity, Infinity, 1]>","<[2010.0, 2011.0, 20]>","<[2010.0, 2011.0]>",
company_8cb8ea7756cd964b4b544a225db2e3f7,aea investors,"<[-Infinity, Infinity, Company]>","<[-Infinity, Infinity, 1]>","<[2010.0, 2011.0, 21]>","<[2010.0, 2011.0]>",
company_70c19cfcacd242d63d015678442141c4,agemar,"<[-Infinity, Infinity, Company]>","<[-Infinity, Infinity, 1]>","<[2008.0, 2009.0, 40]>","<[2008.0, 2009.0]>",
company_239cdb881d55a19c6fbbc086f86e4bcc,ahw,"<[-Infinity, Infinity, Company]>","<[-Infinity, Infinity, 2]>","<[2009.0, 2010.0, 22 | 23]>","<[2009.0, 2010.0]>",
company_4d1454b369b731e0b7c3774f2fa462ec,aig / lincoln,"<[-Infinity, Infinity, Company]>","<[-Infinity, Infinity, 1]>","<[2010.0, 2011.0, 24]>","<[2010.0, 2011.0]>",
company_bcabd4a46942fa273ceba8f54f0d06b2,aig global real estate investment corporation,"<[-Infinity, Infinity, Company]>","<[-Infinity, Infinity, 4]>","<[2009.0, 2010.0, 25 | 554 | 555); [2010.0, 2011.0, 26]>","<[2009.0, 2010.0]; [2010.0, 2011.0]>",
company_5607b8e8492a70474d5d350ec9f65743,alexander eriksen,"<[-Infinity, Infinity, Company]>","<[-Infinity, Infinity, 1]>","<[2009.0, 2010.0, 27]>","<[2009.0, 2010.0]>",
company_ba7dacdb8974f9e0cfb9acaed89422e9,alfa group consortium / abh,"<[-Infinity, Infinity, Company]>","<[-Infinity, Infinity, 1]>","<[2010.0, 2011.0, 28]>","<[2010.0, 2011.0]>",
company_26a3a8da010671f89959981d425f6cae,altor equity partners,"<[-Infinity, Infinity, Company]>","<[-Infinity, Infinity, 2]>","<[2009.0, 2010.0, 563); [2010.0, 2011.0, 564]>","<[2009.0, 2010.0]; [2010.0, 2011.0]>",
company_c039506613a40d4c2c9f532975bc698c,altor funds,"<[-Infinity, Infinity, Company]>","<[-Infinity, Infinity, 3]>","<[2009.0, 2010.0, 565 | 566 | 567]>","<[2009.0, 2010.0]>",
company_2d0d4809e6bdb6f4db3e547f27b1873c,amazon,"<[-Infinity, Infinity, Company]>","<[-Infinity, Infinity, 6]>","<[2009.0, 2010.0, 531 | 532]; [2011.0, 2012.0, 30 | 31 | 32 | 33]>","<[2009.0, 2010.0]; [2011.0, 2012.0]>",
company_3ee94704da30c31f9e6f834737d27efc,amb property corporation allianz,"<[-Infinity, Infinity, Company]>","<[-Infinity, Infinity, 1]>","<[2010.0, 2011.0, 34]>","<[2010.0, 2011.0]>",
company_46d6a2f97ca5d2111968eea25d77d3e3,amcon international / allied equity / protexa group,"<[-Infinity, Infinity, Company]>","<[-Infinity, Infinity, 1]>","<[2009.0, 2010.0, 35]>","<[2009.0, 2010.0]>",
company_d8d7022d67739ccea7b7eaa705d3f711,amp capital investors,"<[-Infinity, Infinity, Company]>","<[-Infinity, Infinity, 3]>","<[2009.0, 2010.0, 37); [2010.0, 2011.0, 38 | 39]>","<[2009.0, 2010.0]; [2010.0, 2011.0]>",
company_4c6f950cbac127465aee99074983e69b,anheuser-busch inbev (ab inbev),"<[-Infinity, Infinity, Company]>","<[-Infinity, Infinity, 1]>","<[2010.0, 2011.0, 41]>","<[2010.0, 2011.0]>",
company_68f9f484eefe618063355d2f2e548c4e,aozora bank,"<[-Infinity, Infinity, Company]>","<[-Infinity, Infinity, 1]>","<[2009.0, 2010.0, 42]>","<[2009.0, 2010.0]>",
company_f5083628959c8b3fafa0a0943692f319,apax funds,"<[-Infinity, Infinity, Company]>","<[-Infinity, Infinity, 1]>","<[2009.0, 2010.0, 43]>","<[2009.0, 2010.0]>",
company_c75ee59e999f2b391dac281407f597d3,apax partners,"<[-Infinity, Infinity, Company]>","<[-Infinity, Infinity, 1]>","<[2007.0, 2008.0, 44]>","<[2007.0, 2008.0]>",
company_bca467494ef3bd61305fe93ac4a530d4,apax partners / guardian media group (joint venture),"<[-Infinity, Infinity, Company]>","<[-Infinity, Infinity, 2]>","<[2010.0, 2011.0, 45 | 46]>","<[2010.0, 2011.0]>",
company_46aad89aabd0fab06b22bf077e7546b7,apex insurance holdings,"<[-Infinity, Infinity, Company]>","<[-Infinity, Infinity, 1]>","<[2008.0, 2009.0, 47]>","<[2008.0, 2009.0]>",
company_ea1c2e5edc234911a58aef37e73ab9ae,apollo asia opportunity fund,"<[-Infinity, Infinity, Company]>","<[-Infinity, Infinity, 1]>","<[2009.0, 2010.0, 48]>","<[2009.0, 2010.0]>",
company_25ae80795d9d3faa1845c725d02b6ace,apollo management,"<[-Infinity, Infinity, Company]>","<[-Infinity, Infinity, 1]>","<[2010.0, 2011.0, 49]>","<[2010.0, 2011.0]>",
company_e396399910c2621cc54ef3c426bb3f3e,arcapita investment developments,"<[-Infinity, Infinity, Company]>","<[-Infinity, Infinity, 1]>","<[2006.0, 2007.0, 51]>","<[2006.0, 2007.0]>",
company_117cb23bbc77af044cbcdf6358c60c52,arch capital group,"<[-Infinity, Infinity, Company]>","<[-Infinity, Infinity, 1]>","<[2010.0, 2011.0, 52]>","<[2010.0, 2011.0]>",
company_0f8dad9dcedcd454f7036fa9ac2287e5,archangel diamond corporation,"<[-Infinity, Infinity, Company]>","<[-Infinity, Infinity, 1]>","<[2008.0, 2009.0, 53]>","<[2008.0, 2009.0]>",
company_1e2f7adf3049821ad87e0b79d732297b,argan capital advisors,"<[-Infinity, Infinity, Company]>","<[-Infinity, Infinity, 1]>","<[2008.0, 2009.0, 568]>","<[2008.0, 2009.0]>",
company_f4a687e5d1b3632d81a943fcb4ee05bd,arison group,"<[-Infinity, Infinity, Company]>","<[-Infinity, Infinity, 1]>","<[2010.0, 2011.0, 54]>","<[2010.0, 2011.0]>",
company_76a9ebdeb417aed48124a2c75b77301c,artal,"<[-Infinity, Infinity, Company]>","<[-Infinity, Infinity, 3]>","<[2008.0, 2009.0, 55); [2009.0, 2010.0, 56 | 57]>","<[2008.0, 2009.0]; [2009.0, 2010.0]>",
company_255caaf85d3a5a54e52e5a7ed23e5bf3,artal group,"<[-Infinity, Infinity, Company]>","<[-Infinity, Infinity, 2]>","<[2010.0, 2011.0, 58 | 59]>","<[2010.0, 2011.0]>",
company_29dfb42ab1e3ee7712773cc5e17def62,atlantas,"<[-Infinity, Infinity, Company]>","<[-Infinity, Infinity, 1]>","<[2009.0, 2010.0, 417]>","<[2009.0, 2010.0]>",
company_ead5fb8e9f42b3ddb4f545f596c6cf35,atomico,"<[-Infinity, Infinity, Company]>","<[-Infinity, Infinity, 1]>","<[2009.0, 2010.0, 63]>","<[2009.0, 2010.0]>",
company_009064041b6f317b418291c4f683e497,audley capital management,"<[-Infinity, Infinity, Company]>","<[-Infinity, Infinity, 1]>","<[2007.0, 2008.0, 64]>","<[2007.0, 2008.0]>",
company_0f4e0b615e5885e43621ef640ce8fd0e,avenue capital,"<[-Infinity, Infinity, Company]>","<[-Infinity, Infinity, 4]>","<[2009.0, 2010.0, 65 | 66); [2010.0, 2011.0, 67 | 68]>","<[2009.0, 2010.0]; [2010.0, 2011.0]>",
company_a416212a08b0fa60cd9ecbe4e94d4789,avery dennison,"<[-Infinity, Infinity, Company]>","<[-Infinity, Infinity, 1]>","<[2009.0, 2010.0, 69]>","<[2009.0, 2010.0]>",
company_6e81c21afe3826761f85976e3123de48,aviva,"<[-Infinity, Infinity, Company]>","<[-Infinity, Infinity, 1]>","<[2009.0, 2010.0, 70]>","<[2009.0, 2010.0]>",
company_ebb31f4889590d7d81625203277a3779,axa group,"<[-Infinity, Infinity, Company]>","<[-Infinity, Infinity, 1]>","<[2008.0, 2009.0, 71]>","<[2008.0, 2009.0]>",
company_1c3d80c9cfc08eb89eca51ce2f829ab9,babcock and brown international,"<[-Infinity, Infinity, Company]>","<[-Infinity, Infinity, 1]>","<[2009.0, 2010.0, 72]>","<[2009.0, 2010.0]>",
company_cee3bd739cb847eb92da0babf9a18383,balderton capital,"<[-Infinity, Infinity, Company]>","<[-Infinity, Infinity, 1]>","<[2010.0, 2011.0, 73]>","<[2010.0, 2011.0]>",
company_b0ab1093f454963366079d2804e62e59,ball holdings,"<[-Infinity, Infinity, Company]>","<[-Infinity, Infinity, 2]>","<[2009.0, 2010.0, 74 | 75]>","<[2009.0, 2010.0]>",
company_d7132a142c1979cf6f946483f4acc954,baloise,"<[-Infinity, Infinity, Company]>","<[-Infinity, Infinity, 1]>","<[2008.0, 2009.0, 76]>","<[2008.0, 2009.0]>",
company_6b09b7623db595c1b3ee921ca697971a,banca delle marche,"<[-Infinity, Infinity, Company]>","<[-Infinity, Infinity, 1]>","<[2010.0, 2011.0, 77]>","<[2010.0, 2011.0]>",
company_0f14c063a20fe125560170f3281e5623,banca popolare dell'emilia romagna,"<[-Infinity, Infinity, Company]>","<[-Infinity, Infinity, 1]>","<[2009.0, 2010.0, 78]>","<[2009.0, 2010.0]>",
company_188e5dcfedbe3b7dc363e1eeed3b1301,banco bradesco,"<[-Infinity, Infinity, Company]>","<[-Infinity, Infinity, 1]>","<[2009.0, 2010.0, 79]>","<[2009.0, 2010.0]>",
company_347e273cf57169c3aaff2b9a2e6be5ee,banco itaÃº,"<[-Infinity, Infinity, Company]>","<[-Infinity, Infinity, 1]>","<[2008.0, 2009.0, 80]>","<[2008.0, 2009.0]>",
company_9319e7705038191c12b50cb3c3b20838,bank fÃ¼r arbeit und wirtschaft und Ã¶sterreichische postsparkasse aktiengesellschaft (bawag),"<[-Infinity, Infinity, Company]>","<[-Infinity, Infinity, 2]>","<[2009.0, 2010.0, 538 | 570]>","<[2009.0, 2010.0]>",
company_9ccabcfb9d60d48172c1f2badb0476a1,banque degroof,"<[-Infinity, Infinity, Company]>","<[-Infinity, Infinity, 1]>","<[2009.0, 2010.0, 539]>","<[2009.0, 2010.0]>",
company_bc8d0c63ed5d3172e41d7c827fd99986,banque martin maurel,"<[-Infinity, Infinity, Company]>","<[-Infinity, Infinity, 1]>","<[2009.0, 2010.0, 81]>","<[2009.0, 2010.0]>",
company_9cc87aa0a5f3e909ec81bc7ea8753392,baring private equity asia,"<[-Infinity, Infinity, Company]>","<[-Infinity, Infinity, 2]>","<[2009.0, 2010.0, 82); [2010.0, 2011.0, 83]>","<[2009.0, 2010.0]; [2010.0, 2011.0]>",
company_a37fdc318a8da89678ae1ca68f23c78c,bayerische landesbank,"<[-Infinity, Infinity, Company]>","<[-Infinity, Infinity, 1]>","<[2009.0, 2010.0, 84]>","<[2009.0, 2010.0]>",
company_52e77489109be19cc86b577c2b3fd9d5,baytex,"<[-Infinity, Infinity, Company]>","<[-Infinity, Infinity, 1]>","<[2009.0, 2010.0, 85]>","<[2009.0, 2010.0]>",
company_5b21d884274cb5d6cd0114dded1fe8e4,baytex energy trust,"<[-Infinity, Infinity, Company]>","<[-Infinity, Infinity, 1]>","<[2010.0, 2011.0, 86]>","<[2010.0, 2011.0]>",
company_b5eab5e315a5bb02406a0bd87c059f5b,bc partners,"<[-Infinity, Infinity, Company]>","<[-Infinity, Infinity, 1]>","<[2008.0, 2009.0, 87]>","<[2008.0, 2009.0]>",
company_f2bdb420e932cb82c6a509218bef12f4,belfor,"<[-Infinity, Infinity, Company]>","<[-Infinity, Infinity, 1]>","<[2009.0, 2010.0, 88]>","<[2009.0, 2010.0]>",
company_49eb4e73a3bc8702c47769c9e478469d,black & decker,"<[-Infinity, Infinity, Company]>","<[-Infinity, Infinity, 1]>","<[2003.0, 2004.0, 576]>","<[2003.0, 2004.0]>",
company_c495e54e8cfce011debe496dad5084a4,blackstone group,"<[-Infinity, Infinity, Company]>","<[-Infinity, Infinity, 2]>","<[2009.0, 2010.0, 90); [2010.0, 2011.0, 91]>","<[2009.0, 2010.0]; [2010.0, 2011.0]>",
company_3760f13cc10c4d1e7ec6c7b9a9294118,bluebay,"<[-Infinity, Infinity, Company]>","<[-Infinity, Infinity, 2]>","<[2008.0, 2009.0, 92]; [2010.0, 2011.0, 93]>","<[2008.0, 2009.0]; [2010.0, 2011.0]>",
company_7ee0d0de7d2d842268fd743de0ab7a25,bluebay european distressed opportunities fund,"<[-Infinity, Infinity, Company]>","<[-Infinity, Infinity, 1]>","<[2010.0, 2011.0, 94]>","<[2010.0, 2011.0]>",
company_a537d992bda94261107c6630966f084b,bluebay funds,"<[-Infinity, Infinity, Company]>","<[-Infinity, Infinity, 1]>","<[2009.0, 2010.0, 95]>","<[2009.0, 2010.0]>",
company_b4e0c6de83572d9280491857eff7ad04,bluebay high yield enhanced investments,"<[-Infinity, Infinity, Company]>","<[-Infinity, Infinity, 1]>","<[2009.0, 2010.0, 96]>","<[2009.0, 2010.0]>",
company_55e98239be168d51d5f720b06fd82a3d,bluehouse,"<[-Infinity, Infinity, Company]>","<[-Infinity, Infinity, 1]>","<[2009.0, 2010.0, 530]>","<[2009.0, 2010.0]>",
company_244fdc61e257d5595acc1f32ed82a789,bolton group international,"<[-Infinity, Infinity, Company]>","<[-Infinity, Infinity, 1]>","<[2010.0, 2011.0, 583]>","<[2010.0, 2011.0]>",
company_a5671a0316e45d18eb4fae274da1a8d8,boston consulting group,"<[-Infinity, Infinity, Company]>","<[-Infinity, Infinity, 1]>","<[2009.0, 2010.0, 99]>","<[2009.0, 2010.0]>",
company_15d37413f2ad01cadaf88ebec6c894be,bridgepoint,"<[-Infinity, Infinity, Company]>","<[-Infinity, Infinity, 1]>","<[2009.0, 2010.0, 100]>","<[2009.0, 2010.0]>",
company_6d326f08c4d596b910741e0065fa565b,british american tobacco,"<[-Infinity, Infinity, Company]>","<[-Infinity, Infinity, 1]>","<[2009.0, 2010.0, 540]>","<[2009.0, 2010.0]>",
company_a02d59ec7c739b76084d7b53f7e8d82e,brookfield asset management,"<[-Infinity, Infinity, Company]>","<[-Infinity, Infinity, 2]>","<[2009.0, 2010.0, 101 | 102]>","<[2009.0, 2010.0]>",
company_5da09da84e998d8e8af6eb31417ecf26,bucher group,"<[-Infinity, Infinity, Company]>","<[-Infinity, Infinity, 1]>","<[2008.0, 2009.0, 103]>","<[2008.0, 2009.0]>",
company_c5330e5b9bac7542c533c887ef771e9c,burberry group,"<[-Infinity, Infinity, Company]>","<[-Infinity, Infinity, 1]>","<[2010.0, 2011.0, 104]>","<[2010.0, 2011.0]>",
company_75fbf852d716dd7509b3fc96c70c783f,carlyle group,"<[-Infinity, Infinity, Company]>","<[-Infinity, Infinity, 1]>","<[2010.0, 2011.0, 109]>","<[2010.0, 2011.0]>",
company_94f7f122bba8214624b371d39b6b3e8c,carval investors,"<[-Infinity, Infinity, Company]>","<[-Infinity, Infinity, 4]>","<[2009.0, 2010.0, 105 | 106 | 107); [2010.0, 2011.0, 108]>","<[2009.0, 2010.0]; [2010.0, 2011.0]>",
company_bdd34b716b84f7e34ee047c3bc4c435c,catalyst funds,"<[-Infinity, Infinity, Company]>","<[-Infinity, Infinity, 1]>","<[2009.0, 2010.0, 110]>","<[2009.0, 2010.0]>",
company_92b37c5d9b8e0ee92d1e2ab7c600ed6f,cb richard ellis investors,"<[-Infinity, Infinity, Company]>","<[-Infinity, Infinity, 1]>","<[2010.0, 2011.0, 111]>","<[2010.0, 2011.0]>",
company_9fcf0546d78ba1663b65a4e3f4eb71ab,centerbridge capital partners,"<[-Infinity, Infinity, Company]>","<[-Infinity, Infinity, 2]>","<[2008.0, 2009.0, 112); [2009.0, 2010.0, 113]>","<[2008.0, 2009.0]; [2009.0, 2010.0]>",
company_2c17d4a35e809c1d3116df4e1323b5c6,cephalon,"<[-Infinity, Infinity, Company]>","<[-Infinity, Infinity, 1]>","<[2008.0, 2009.0, 435]>","<[2008.0, 2009.0]>",
company_051934b88aeedbd9cd39aa1536701e7e,charterhouse capital partners,"<[-Infinity, Infinity, Company]>","<[-Infinity, Infinity, 1]>","<[2006.0, 2007.0, 114]>","<[2006.0, 2007.0]>",
company_fdb35ee5eba133b8d3e9776e1f85fcd5,chateau de berne,"<[-Infinity, Infinity, Company]>","<[-Infinity, Infinity, 1]>","<[2009.0, 2010.0, 115]>","<[2009.0, 2010.0]>",
company_ffcfeb0e463740d3f54668b86b078623,cheyne special situations fund,"<[-Infinity, Infinity, Company]>","<[-Infinity, Infinity, 1]>","<[2010.0, 2011.0, 116]>","<[2010.0, 2011.0]>",
company_9895f48195f9c0e13542260afc822a51,china petrochemical corporation,"<[-Infinity, Infinity, Company]>","<[-Infinity, Infinity, 1]>","<[2008.0, 2009.0, 117]>","<[2008.0, 2009.0]>",
company_0503a9dd0d4aac511b5fe489d47add09,china yunnan metallurgical group (cymco),"<[-Infinity, Infinity, Company]>","<[-Infinity, Infinity, 1]>","<[2010.0, 2011.0, 118]>","<[2010.0, 2011.0]>",
company_bfdb7e5846d1d1ebfacb27e293143d4f,circor,"<[-Infinity, Infinity, Company]>","<[-Infinity, Infinity, 1]>","<[2009.0, 2010.0, 119]>","<[2009.0, 2010.0]>",
company_9393d0d4c92a35139cd6750b228b1970,citco,"<[-Infinity, Infinity, Company]>","<[-Infinity, Infinity, 1]>","<[2009.0, 2010.0, 120]>","<[2009.0, 2010.0]>",
company_8ea3ca083f5028a2076bbbf3589dcc76,citigroup property investors,"<[-Infinity, Infinity, Company]>","<[-Infinity, Infinity, 1]>","<[2009.0, 2010.0, 121]>","<[2009.0, 2010.0]>",
company_82fd3ab4e67f6e846dfe1da2432f436b,cleveland cliffs,"<[-Infinity, Infinity, Company]>","<[-Infinity, Infinity, 1]>","<[2008.0, 2009.0, 122]>","<[2008.0, 2009.0]>",
company_3d5a987847027e3ab547449d08c135b1,cliffs natural resources,"<[-Infinity, Infinity, Company]>","<[-Infinity, Infinity, 1]>","<[2009.0, 2010.0, 123]>","<[2009.0, 2010.0]>",
company_fa1b9565613dedc6ab01cff94689d9fe,clownsvis,"<[-Infinity, Infinity, Company]>","<[-Infinity, Infinity, 1]>","<[2009.0, 2010.0, 128]>","<[2009.0, 2010.0]>",
company_fe7b19ecaa7eb877a4ba168f2e4ce745,cnp assurances,"<[-Infinity, Infinity, Company]>","<[-Infinity, Infinity, 2]>","<[2008.0, 2009.0, 125]; [2010.0, 2011.0, 124]>","<[2008.0, 2009.0]; [2010.0, 2011.0]>",
company_f931b13aead002d7fcdb02f84e0f794f,coach,"<[-Infinity, Infinity, Company]>","<[-Infinity, Infinity, 1]>","<[2010.0, 2011.0, 126]>","<[2010.0, 2011.0]>",
company_745cd824e7437640bfe5f43d1dded67d,coca cola hellenic bottling company group,"<[-Infinity, Infinity, Company]>","<[-Infinity, Infinity, 1]>","<[2009.0, 2010.0, 523]>","<[2009.0, 2010.0]>",
company_0f57ffa32c32f82a3d106503da564fb5,colony capital group,"<[-Infinity, Infinity, Company]>","<[-Infinity, Infinity, 1]>","<[2006.0, 2007.0, 579]>","<[2006.0, 2007.0]>",
company_8ec85e7f22470f05a81a75031226fd3f,commerzbank ag,"<[-Infinity, Infinity, Company]>","<[-Infinity, Infinity, 1]>","<[2009.0, 2010.0, 127]>","<[2009.0, 2010.0]>",
company_53a1703ea67d440b2e72ccad065de571,compass cc,"<[-Infinity, Infinity, Company]>","<[-Infinity, Infinity, 1]>","<[2009.0, 2010.0, 129]>","<[2009.0, 2010.0]>",
company_8e890b812ce56c0769738cd9559f60c3,cordea savills,"<[-Infinity, Infinity, Company]>","<[-Infinity, Infinity, 4]>","<[2008.0, 2009.0, 130); [2009.0, 2010.0, 131 | 132); [2010.0, 2011.0, 133]>","<[2008.0, 2009.0]; [2009.0, 2010.0]; [2010.0, 2011.0]>",
company_eb2faca7688355959b862d109becd9ff,covidien,"<[-Infinity, Infinity, Company]>","<[-Infinity, Infinity, 5]>","<[2009.0, 2010.0, 134 | 136 | 137 | 549); [2010.0, 2011.0, 135]>","<[2009.0, 2010.0]; [2010.0, 2011.0]>",
company_e3a362cdebb2032d7c69898073ea2107,credit suisse,"<[-Infinity, Infinity, Company]>","<[-Infinity, Infinity, 2]>","<[2009.0, 2010.0, 138); [2010.0, 2011.0, 139]>","<[2009.0, 2010.0]; [2010.0, 2011.0]>",
company_2f85c7fefaabaa9ac468b52b73284dfe,curzon / european property investors,"<[-Infinity, Infinity, Company]>","<[-Infinity, Infinity, 1]>","<[2008.0, 2009.0, 172]>","<[2008.0, 2009.0]>",
company_0ce2ec71523ebba94272e65ab030ac9c,damma holdings,"<[-Infinity, Infinity, Company]>","<[-Infinity, Infinity, 1]>","<[2009.0, 2010.0, 545]>","<[2009.0, 2010.0]>",
company_822030db812b473a7907541d429e5df6,damovo group,"<[-Infinity, Infinity, Company]>","<[-Infinity, Infinity, 1]>","<[2009.0, 2010.0, 140]>","<[2009.0, 2010.0]>",
company_7a5f1bc8ff9347989a32373f9c8fc874,dasos capital oy,"<[-Infinity, Infinity, Company]>","<[-Infinity, Infinity, 2]>","<[2008.0, 2009.0, 556]; [2010.0, 2011.0, 557]>","<[2008.0, 2009.0]; [2010.0, 2011.0]>",
company_1279412441674831061dd94b103df531,"dawnay, day & co","<[-Infinity, Infinity, Company]>","<[-Infinity, Infinity, 1]>","<[2009.0, 2010.0, 141]>","<[2009.0, 2010.0]>",
company_9663615af19a7193668fd8a2a1bb4f1c,dean foods,"<[-Infinity, Infinity, Company]>","<[-Infinity, Infinity, 1]>","<[2010.0, 2011.0, 142]>","<[2010.0, 2011.0]>",
company_eacbeb5d8792a4ae148401c7c13ba638,delff management,"<[-Infinity, Infinity, Company]>","<[-Infinity, Infinity, 1]>","<[2009.0, 2010.0, 143]>","<[2009.0, 2010.0]>",
company_c335fe4fc450498bb10fa3ce22ab8df4,deutsche bank / rreef global opportunities fund ii,"<[-Infinity, Infinity, Company]>","<[-Infinity, Infinity, 1]>","<[2010.0, 2011.0, 517]>","<[2010.0, 2011.0]>",
company_a4be83f14cebb2806634f96faff3a2a4,deutsche bank / rreef global opportunity fund iii,"<[-Infinity, Infinity, Company]>","<[-Infinity, Infinity, 1]>","<[2009.0, 2010.0, 518]>","<[2009.0, 2010.0]>",
company_404ad0535c1d76f800d902fc9f1e7f62,deutsche bank real estate global opportunities ia lp,"<[-Infinity, Infinity, Company]>","<[-Infinity, Infinity, 1]>","<[2009.0, 2010.0, 519]>","<[2009.0, 2010.0]>",
company_c8b211a80b0dcacf53147117e78d0993,deutsche bank real estate global opportunities ib fund,"<[-Infinity, Infinity, Company]>","<[-Infinity, Infinity, 1]>","<[2009.0, 2010.0, 520]>","<[2009.0, 2010.0]>",
company_a6052a0b5ea55c15325e2b9a039e622b,developers diversified realty corporation (now ddr corp),"<[-Infinity, Infinity, Company]>","<[-Infinity, Infinity, 1]>","<[2009.0, 2010.0, 144]>","<[2009.0, 2010.0]>",
company_41b283759bf042ee7473a76203c1b9b9,dexia asset management (now candriam),"<[-Infinity, Infinity, Company]>","<[-Infinity, Infinity, 1]>","<[2009.0, 2010.0, 541]>","<[2009.0, 2010.0]>",
company_85c3ad0214c24c046aa529b21845c756,dnb nor group,"<[-Infinity, Infinity, Company]>","<[-Infinity, Infinity, 1]>","<[2008.0, 2009.0, 145]>","<[2008.0, 2009.0]>",
company_f71e3278397891289431ba7c016d9bc5,doughty hanson,"<[-Infinity, Infinity, Company]>","<[-Infinity, Infinity, 4]>","<[2006.0, 2007.0, 146]; [2008.0, 2009.0, 147); [2009.0, 2010.0, 148 | 149]>","<[2006.0, 2007.0]; [2008.0, 2009.0]; [2009.0, 2010.0]>",
company_5a9d33b2cebf10b0cda3a57ef7c58f54,doughty hanson & co european real estate ii,"<[-Infinity, Infinity, Company]>","<[-Infinity, Infinity, 2]>","<[2009.0, 2010.0, 150 | 151]>","<[2009.0, 2010.0]>",
company_979327b9988eb17128441298cd2b263d,doughty hanson & co iv,"<[-Infinity, Infinity, Company]>","<[-Infinity, Infinity, 1]>","<[2007.0, 2008.0, 152]>","<[2007.0, 2008.0]>",
company_b30ad6756084d3a8c2a63656978ed166,draper fisher jurvetson (dfj),"<[-Infinity, Infinity, Company]>","<[-Infinity, Infinity, 1]>","<[2009.0, 2010.0, 154]>","<[2009.0, 2010.0]>",
company_23e274497d26bdc4d3664e8542bf16e9,dst systems / state street group (joint venture),"<[-Infinity, Infinity, Company]>","<[-Infinity, Infinity, 2]>","<[2010.0, 2011.0, 155 | 156]>","<[2010.0, 2011.0]>",
company_36a8b779f8869c92c740248e5eb0365e,dubai international capital,"<[-Infinity, Infinity, Company]>","<[-Infinity, Infinity, 1]>","<[2008.0, 2009.0, 157]>","<[2008.0, 2009.0]>",
company_afb5b5e637056767a633f49e71a79873,duet,"<[-Infinity, Infinity, Company]>","<[-Infinity, Infinity, 1]>","<[2009.0, 2010.0, 158]>","<[2009.0, 2010.0]>",
company_c78798e72b766e576d2867bd46567001,dyson james limited group,"<[-Infinity, Infinity, Company]>","<[-Infinity, Infinity, 1]>","<[2009.0, 2010.0, 159]>","<[2009.0, 2010.0]>",
company_d29bf4eb2c8b7ad69a7074d878759f99,emulex,"<[-Infinity, Infinity, Company]>","<[-Infinity, Infinity, 1]>","<[2008.0, 2009.0, 162]>","<[2008.0, 2009.0]>",
company_8d072649f12c06135a40d484a7f73c29,encore consumer capital,"<[-Infinity, Infinity, Company]>","<[-Infinity, Infinity, 1]>","<[2008.0, 2009.0, 163]>","<[2008.0, 2009.0]>",
company_79da88294e88162a0eabb34ac6cba25a,enesco llc / egi,"<[-Infinity, Infinity, Company]>","<[-Infinity, Infinity, 1]>","<[2009.0, 2010.0, 441]>","<[2009.0, 2010.0]>",
company_f28425618dd6a232d6f4ae9c3dd0036e,englefield / redstone,"<[-Infinity, Infinity, Company]>","<[-Infinity, Infinity, 1]>","<[2009.0, 2010.0, 164]>","<[2009.0, 2010.0]>",
company_aed8417979014e8797fd076832fe2791,eon group,"<[-Infinity, Infinity, Company]>","<[-Infinity, Infinity, 3]>","<[2009.0, 2010.0, 513 | 514 | 515]>","<[2009.0, 2010.0]>",
company_5d801282d504a17b782b8c567e9ce971,eqt,"<[-Infinity, Infinity, Company]>","<[-Infinity, Infinity, 5]>","<[2008.0, 2009.0, 578); [2009.0, 2010.0, 165 | 166 | 167 | 550]>","<[2008.0, 2009.0]; [2009.0, 2010.0]>",
company_6d564df4511a00981e32b1dbebf5a23a,eqt / efdo,"<[-Infinity, Infinity, Company]>","<[-Infinity, Infinity, 1]>","<[2009.0, 2010.0, 168]>","<[2009.0, 2010.0]>",
company_46a4f4362722366b1773937a45413ab6,equity trust group,"<[-Infinity, Infinity, Company]>","<[-Infinity, Infinity, 1]>","<[2008.0, 2009.0, 169]>","<[2008.0, 2009.0]>",
company_a211694a99c6ea0b3e85a4d20c8db066,eso master fund i,"<[-Infinity, Infinity, Company]>","<[-Infinity, Infinity, 1]>","<[2009.0, 2010.0, 170]>","<[2009.0, 2010.0]>",
company_be30329f07620f292ffd2e289aba7b06,eurobank efg,"<[-Infinity, Infinity, Company]>","<[-Infinity, Infinity, 2]>","<[2009.0, 2010.0, 161); [2010.0, 2011.0, 160]>","<[2009.0, 2010.0]; [2010.0, 2011.0]>",
company_3fba25d3646145623243a515cde12309,eurohold,"<[-Infinity, Infinity, Company]>","<[-Infinity, Infinity, 1]>","<[2010.0, 2011.0, 171]>","<[2010.0, 2011.0]>",
company_5ce5ee130da225be09ae4653bc1390b1,eusa pharma group,"<[-Infinity, Infinity, Company]>","<[-Infinity, Infinity, 1]>","<[2009.0, 2010.0, 173]>","<[2009.0, 2010.0]>",
company_2a94f29f57720537e5a09ae668aebc67,evraz group / emmy,"<[-Infinity, Infinity, Company]>","<[-Infinity, Infinity, 1]>","<[2009.0, 2010.0, 174]>","<[2009.0, 2010.0]>",
company_d574c75b5c1f258e5c5501353147a74b,exinor,"<[-Infinity, Infinity, Company]>","<[-Infinity, Infinity, 1]>","<[2009.0, 2010.0, 542]>","<[2009.0, 2010.0]>",
company_9f3f39fa2f79195e0610e4d8c44f2414,experian,"<[-Infinity, Infinity, Company]>","<[-Infinity, Infinity, 3]>","<[2009.0, 2010.0, 175 | 176 | 177]>","<[2009.0, 2010.0]>",
company_c579cc140bb0662afcea6056e1fdc80f,extrom / knight business,"<[-Infinity, Infinity, Company]>","<[-Infinity, Infinity, 1]>","<[2009.0, 2010.0, 295]>","<[2009.0, 2010.0]>",
company_d1c793c4f71a651c7ff42adf04a6dfc5,fairfax,"<[-Infinity, Infinity, Company]>","<[-Infinity, Infinity, 1]>","<[2008.0, 2009.0, 178]>","<[2008.0, 2009.0]>",
company_a1913acb5daad2b3443137e4e77fdd05,fairfax financial holding,"<[-Infinity, Infinity, Company]>","<[-Infinity, Infinity, 3]>","<[2003.0, 2004.0, 179); [2004.0, 2005.0, 180]; [2009.0, 2010.0, 181]>","<[2003.0, 2004.0]; [2004.0, 2005.0]; [2009.0, 2010.0]>",
company_0b4102c69526e0a078051596e282e648,fedex,"<[-Infinity, Infinity, Company]>","<[-Infinity, Infinity, 1]>","<[2010.0, 2011.0, 182]>","<[2010.0, 2011.0]>",
company_c3be8340f70a6df39918e873bbf7ff1d,fidelity (fil),"<[-Infinity, Infinity, Company]>","<[-Infinity, Infinity, 1]>","<[2009.0, 2010.0, 183]>","<[2009.0, 2010.0]>",
company_a428660ae793f1d80951cb6e855335ba,field point group,"<[-Infinity, Infinity, Company]>","<[-Infinity, Infinity, 1]>","<[2009.0, 2010.0, 184]>","<[2009.0, 2010.0]>",
company_1d57e12403ab643622a519e822a97e9f,financiÃ¨re lafayette,"<[-Infinity, Infinity, Company]>","<[-Infinity, Infinity, 2]>","<[2009.0, 2010.0, 185); [2010.0, 2011.0, 186]>","<[2009.0, 2010.0]; [2010.0, 2011.0]>",
company_ec51abfe6ffb59b40804bf760e14aaac,finmeccanica group,"<[-Infinity, Infinity, Company]>","<[-Infinity, Infinity, 1]>","<[2010.0, 2011.0, 187]>","<[2010.0, 2011.0]>",
company_6d322f052568e979b7040fed84bb9fc4,fonciere de bagan,"<[-Infinity, Infinity, Company]>","<[-Infinity, Infinity, 1]>","<[2009.0, 2010.0, 188]>","<[2009.0, 2010.0]>",
company_d0f9cf7c70f5a53aac3f04c37b7756e3,foresight group,"<[-Infinity, Infinity, Company]>","<[-Infinity, Infinity, 1]>","<[2009.0, 2010.0, 189]>","<[2009.0, 2010.0]>",
company_4ef2928443d977db4b88ee5199b2d6a1,foster wheeler,"<[-Infinity, Infinity, Company]>","<[-Infinity, Infinity, 1]>","<[2010.0, 2011.0, 190]>","<[2010.0, 2011.0]>",
company_114ad31ac075d8bd46cd7617857df432,foyer,"<[-Infinity, Infinity, Company]>","<[-Infinity, Infinity, 2]>","<[2009.0, 2010.0, 191 | 192]>","<[2009.0, 2010.0]>",
company_980e36f76ea065d31e8bfc3e48bd7ed1,freo group,"<[-Infinity, Infinity, Company]>","<[-Infinity, Infinity, 1]>","<[2007.0, 2008.0, 193]>","<[2007.0, 2008.0]>",
company_51ac30e74cd05215efa0d6b5ee8073f3,fund channel bnp paribas / crÃ©dit agricole,"<[-Infinity, Infinity, Company]>","<[-Infinity, Infinity, 2]>","<[2009.0, 2010.0, 97); [2010.0, 2011.0, 98]>","<[2009.0, 2010.0]; [2010.0, 2011.0]>",
company_abd3ece973c816864df61637f2cec7d4,gate gourmet,"<[-Infinity, Infinity, Company]>","<[-Infinity, Infinity, 1]>","<[2009.0, 2010.0, 199]>","<[2009.0, 2010.0]>",
company_584f08a4dd232be2a16aeedb934ed6e4,gazprom,"<[-Infinity, Infinity, Company]>","<[-Infinity, Infinity, 1]>","<[2009.0, 2010.0, 200]>","<[2009.0, 2010.0]>",
company_02b886408fd38618eadeffcaa1781e93,ge capital / mubadala (joint venture),"<[-Infinity, Infinity, Company]>","<[-Infinity, Infinity, 2]>","<[2009.0, 2010.0, 202 | 203]>","<[2009.0, 2010.0]>",
company_b4dc67e7fbfa4a53cb9b6e7e77d81c13,gigamedia limited group,"<[-Infinity, Infinity, Company]>","<[-Infinity, Infinity, 1]>","<[2010.0, 2011.0, 204]>","<[2010.0, 2011.0]>",
company_bbbc8234660dd242704d020992874a61,gildemeister group,"<[-Infinity, Infinity, Company]>","<[-Infinity, Infinity, 1]>","<[2009.0, 2010.0, 205]>","<[2009.0, 2010.0]>",
company_2d1f2a558b9c3d6b2ce351d13db627e1,glanbia / avonmore cheese,"<[-Infinity, Infinity, Company]>","<[-Infinity, Infinity, 1]>","<[2009.0, 2010.0, 206]>","<[2009.0, 2010.0]>",
company_e92f513385b3736fe488ab4c301463fb,glanbia / avonmore proteins,"<[-Infinity, Infinity, Company]>","<[-Infinity, Infinity, 1]>","<[2010.0, 2011.0, 207]>","<[2010.0, 2011.0]>",
company_d539549bd448aa80e811089b5eff1acb,glaxosmithkline,"<[-Infinity, Infinity, Company]>","<[-Infinity, Infinity, 2]>","<[2008.0, 2009.0, 208); [2009.0, 2010.0, 209]>","<[2008.0, 2009.0]; [2009.0, 2010.0]>",
company_0c8f9fb5d5e8fc1de7b70bd8c9aead96,global environment fund / dasosÂ capital oy (joint venture),"<[-Infinity, Infinity, Company]>","<[-Infinity, Infinity, 2]>","<[2010.0, 2011.0, 558 | 559]>","<[2010.0, 2011.0]>",
company_a2c6ea1cc5fade24eda5f667b49b4a94,golden gate capital / geac computer corporation,"<[-Infinity, Infinity, Company]>","<[-Infinity, Infinity, 1]>","<[2009.0, 2010.0, 210]>","<[2009.0, 2010.0]>",
company_81fe9befb2337897d41e0202edf53ff7,golden gate capital / infineon technologies ag / lantiq,"<[-Infinity, Infinity, Company]>","<[-Infinity, Infinity, 1]>","<[2010.0, 2011.0, 211]>","<[2010.0, 2011.0]>",
company_223568bd2820f639cce6c1ccdf65a0cf,golding capital partners,"<[-Infinity, Infinity, Company]>","<[-Infinity, Infinity, 1]>","<[2010.0, 2011.0, 212]>","<[2010.0, 2011.0]>",
company_ddcf2b987a4ac81a8ea43e6e0d78084b,goodman group,"<[-Infinity, Infinity, Company]>","<[-Infinity, Infinity, 2]>","<[2009.0, 2010.0, 213 | 214]>","<[2009.0, 2010.0]>",
company_8642b97c973d0533b2a30ffec2fc6bff,graymont group,"<[-Infinity, Infinity, Company]>","<[-Infinity, Infinity, 1]>","<[2009.0, 2010.0, 215]>","<[2009.0, 2010.0]>",
company_9ffb4d3ceb927b286c39b60f51b0714b,great atlantic & pacific tea company,"<[-Infinity, Infinity, Company]>","<[-Infinity, Infinity, 1]>","<[2009.0, 2010.0, 216]>","<[2009.0, 2010.0]>",
company_78f9a3d3c002cbb21de4443b7d76dc8e,groupe bruxelles lambert,"<[-Infinity, Infinity, Company]>","<[-Infinity, Infinity, 1]>","<[2009.0, 2010.0, 543]>","<[2009.0, 2010.0]>",
company_746a730d096fee331a4949bec752f6e8,groupe lcf rothschild,"<[-Infinity, Infinity, Company]>","<[-Infinity, Infinity, 2]>","<[2009.0, 2010.0, 218); [2010.0, 2011.0, 219]>","<[2009.0, 2010.0]; [2010.0, 2011.0]>",
company_74fb2d69633b8fd404bf47784be3b90f,groupe rothschild,"<[-Infinity, Infinity, Company]>","<[-Infinity, Infinity, 3]>","<[2009.0, 2010.0, 220); [2010.0, 2011.0, 221 | 222]>","<[2009.0, 2010.0]; [2010.0, 2011.0]>",
company_ad9aa0f4b44da337774a7b9ce4e9bac2,harbinger capital partners,"<[-Infinity, Infinity, Company]>","<[-Infinity, Infinity, 1]>","<[2009.0, 2010.0, 225]>","<[2009.0, 2010.0]>",
company_c510edc113224a9f211459041a4fb125,hauck and aufhauser,"<[-Infinity, Infinity, Company]>","<[-Infinity, Infinity, 1]>","<[2008.0, 2009.0, 226]>","<[2008.0, 2009.0]>",
company_6f709754ddf13b0f6d775013a3369637,haymarket financial / future fund,"<[-Infinity, Infinity, Company]>","<[-Infinity, Infinity, 1]>","<[2010.0, 2011.0, 197]>","<[2010.0, 2011.0]>",
company_bd2079aae1837d28b1431a093b290cb4,health alliance group,"<[-Infinity, Infinity, Company]>","<[-Infinity, Infinity, 1]>","<[2010.0, 2011.0, 227]>","<[2010.0, 2011.0]>",
company_0dfb5e07a60754c7d9c294abc91d5395,heinz,"<[-Infinity, Infinity, Company]>","<[-Infinity, Infinity, 1]>","<[2010.0, 2011.0, 228]>","<[2010.0, 2011.0]>",
company_3ca021a2ad4f8c5cce11b61ea04b43a4,henderson global investors,"<[-Infinity, Infinity, Company]>","<[-Infinity, Infinity, 1]>","<[2009.0, 2010.0, 229]>","<[2009.0, 2010.0]>",
company_53d65d2ed80fd8f5cc27c25fd1978227,hg capital,"<[-Infinity, Infinity, Company]>","<[-Infinity, Infinity, 1]>","<[2009.0, 2010.0, 230]>","<[2009.0, 2010.0]>",
company_8a57478fa79be7236015ebf4fe6f982e,hideal partners,"<[-Infinity, Infinity, Company]>","<[-Infinity, Infinity, 1]>","<[2010.0, 2011.0, 231]>","<[2010.0, 2011.0]>",
company_a9d611ccdc2154d5ee5b499b2942079d,highland capital partners,"<[-Infinity, Infinity, Company]>","<[-Infinity, Infinity, 2]>","<[2009.0, 2010.0, 232 | 233]>","<[2009.0, 2010.0]>",
company_d4538518f9dbaec4079c66663015c179,hines,"<[-Infinity, Infinity, Company]>","<[-Infinity, Infinity, 5]>","<[2009.0, 2010.0, 234 | 235); [2010.0, 2011.0, 236 | 237 | 238]>","<[2009.0, 2010.0]; [2010.0, 2011.0]>",
company_08a1abf002b2a662a0a273a131a48d59,hna group,"<[-Infinity, Infinity, Company]>","<[-Infinity, Infinity, 1]>","<[2010.0, 2011.0, 239]>","<[2010.0, 2011.0]>",
company_bb7025baef6a2fdda0f7e7436d367a73,home credit and finance bank,"<[-Infinity, Infinity, Company]>","<[-Infinity, Infinity, 1]>","<[2009.0, 2010.0, 240]>","<[2009.0, 2010.0]>",
company_b6a6737ef0ccfbf6d4d1afddc7829b33,hsbc,"<[-Infinity, Infinity, Company]>","<[-Infinity, Infinity, 1]>","<[2009.0, 2010.0, 241]>","<[2009.0, 2010.0]>",
company_ce6dde3415181ab997be93c19ab5c588,huhtamÃ¤ki,"<[-Infinity, Infinity, Company]>","<[-Infinity, Infinity, 1]>","<[2009.0, 2010.0, 560]>","<[2009.0, 2010.0]>",
company_aa4e041e88b21a14a704e71c83c8de5a,hutchison group,"<[-Infinity, Infinity, Company]>","<[-Infinity, Infinity, 4]>","<[2009.0, 2010.0, 243 | 244); [2010.0, 2011.0, 242 | 245]>","<[2009.0, 2010.0]; [2010.0, 2011.0]>",
company_6a4b3a521c2ea57bc1365fb95a153179,hutchison whampoa,"<[-Infinity, Infinity, Company]>","<[-Infinity, Infinity, 13]>","<[2002.0, 2003.0, 246 | 247 | 248 | 249 | 250); [2003.0, 2004.0, 251); [2004.0, 2005.0, 252 | 253); [2005.0, 2006.0, 254]; [2007.0, 2008.0, 573); [2008.0, 2009.0, 255 | 256); [2009.0, 2010.0, 257]>","<[2002.0, 2003.0]; [2003.0, 2004.0]; [2004.0, 2005.0]; [2005.0, 2006.0]; [2007.0, 2008.0]; [2008.0, 2009.0]; [2009.0, 2010.0]>",
company_16c8b1e01a4604ba7c15644ea2d02351,hypo real estate group,"<[-Infinity, Infinity, Company]>","<[-Infinity, Infinity, 1]>","<[2008.0, 2009.0, 258]>","<[2008.0, 2009.0]>",
company_0ebc580ae6450fce8762fad1bff32e7b,iam,"<[-Infinity, Infinity, Company]>","<[-Infinity, Infinity, 1]>","<[2008.0, 2009.0, 259]>","<[2008.0, 2009.0]>",
company_bde7685ed52b12df161f99edc7a0ca20,ian livingstone / richard livingstone,"<[-Infinity, Infinity, Company]>","<[-Infinity, Infinity, 2]>","<[2009.0, 2010.0, 306); [2010.0, 2011.0, 307]>","<[2009.0, 2010.0]; [2010.0, 2011.0]>",
company_661db7ddae5e97a08122ff69e9fbf750,icap,"<[-Infinity, Infinity, Company]>","<[-Infinity, Infinity, 1]>","<[2010.0, 2011.0, 260]>","<[2010.0, 2011.0]>",
company_68b81c4bdac743ab6dcf472607caeca4,iceberg qapital / mpg operations,"<[-Infinity, Infinity, Company]>","<[-Infinity, Infinity, 1]>","<[2009.0, 2010.0, 261]>","<[2009.0, 2010.0]>",
company_500f4fa4873faa1348b7bdaba7862a8d,ik investment partners,"<[-Infinity, Infinity, Company]>","<[-Infinity, Infinity, 1]>","<[2009.0, 2010.0, 262]>","<[2009.0, 2010.0]>",
company_2cb0c5bdfeac5bd4978effa9730592e8,ik investment partners / kwintet group,"<[-Infinity, Infinity, Company]>","<[-Infinity, Infinity, 1]>","<[2009.0, 2010.0, 263]>","<[2009.0, 2010.0]>",
company_fe1164dcc2e55b6b92995e4fc3b353c6,ikea,"<[-Infinity, Infinity, Company]>","<[-Infinity, Infinity, 9]>","<[2009.0, 2010.0, 272); [2010.0, 2011.0, 264 | 265 | 268); [2011.0, 2012.0, 266 | 267 | 269 | 270 | 271]>","<[2009.0, 2010.0]; [2010.0, 2011.0]; [2011.0, 2012.0]>",
company_834c6a70f85c4617c2344df59a5d85f0,innisfree fund,"<[-Infinity, Infinity, Company]>","<[-Infinity, Infinity, 1]>","<[2010.0, 2011.0, 569]>","<[2010.0, 2011.0]>",
company_bcdcd84a53a314b75ed216cc9d74448f,intelsat global,"<[-Infinity, Infinity, Company]>","<[-Infinity, Infinity, 1]>","<[2009.0, 2010.0, 274]>","<[2009.0, 2010.0]>",
company_c63a8d5e5a59782d8fe6f9042510c1f2,intergenia / plusserver,"<[-Infinity, Infinity, Company]>","<[-Infinity, Infinity, 1]>","<[2010.0, 2011.0, 275]>","<[2010.0, 2011.0]>",
company_94a4f023065f67d336adebff5e7ce43c,international flavors & fragrances,"<[-Infinity, Infinity, Company]>","<[-Infinity, Infinity, 1]>","<[2009.0, 2010.0, 276]>","<[2009.0, 2010.0]>",
company_8a8941ba25e81eee893f1b4b0dfb0f24,interpublic group of companies,"<[-Infinity, Infinity, Company]>","<[-Infinity, Infinity, 1]>","<[2009.0, 2010.0, 551]>","<[2009.0, 2010.0]>",
company_b5cc2247d802c405ef11eb648e91c24a,intesa sanpaolo group,"<[-Infinity, Infinity, Company]>","<[-Infinity, Infinity, 1]>","<[2010.0, 2011.0, 277]>","<[2010.0, 2011.0]>",
company_15c97687494e999e2d1f998a54c087bd,investcorp / barclays,"<[-Infinity, Infinity, Company]>","<[-Infinity, Infinity, 2]>","<[2008.0, 2009.0, 278]; [2010.0, 2011.0, 279]>","<[2008.0, 2009.0]; [2010.0, 2011.0]>",
company_7e7c8914a99d5427d0b8fda8a45477d0,invus / artal group,"<[-Infinity, Infinity, Company]>","<[-Infinity, Infinity, 1]>","<[2010.0, 2011.0, 60]>","<[2010.0, 2011.0]>",
company_88a7c929e17900f6f2c6369325533526,itunes / apple,"<[-Infinity, Infinity, Company]>","<[-Infinity, Infinity, 1]>","<[2011.0, 2012.0, 50]>","<[2011.0, 2012.0]>",
company_50991cc95aec0535df8bc43555587fd6,ivg institutional fund,"<[-Infinity, Infinity, Company]>","<[-Infinity, Infinity, 1]>","<[2010.0, 2011.0, 280]>","<[2010.0, 2011.0]>",
company_35c4c212dce31d3ec5266491eb1c322b,j chahine capital,"<[-Infinity, Infinity, Company]>","<[-Infinity, Infinity, 1]>","<[2010.0, 2011.0, 281]>","<[2010.0, 2011.0]>",
company_3ab59779dd7e00a8c355f8c0482da0b8,j.c. flowers,"<[-Infinity, Infinity, Company]>","<[-Infinity, Infinity, 1]>","<[2009.0, 2010.0, 282]>","<[2009.0, 2010.0]>",
company_d52e55d11213a43d6f7f73d130f52a8b,j.p. morgan european property fund,"<[-Infinity, Infinity, Company]>","<[-Infinity, Infinity, 3]>","<[2008.0, 2009.0, 288); [2009.0, 2010.0, 289 | 290]>","<[2008.0, 2009.0]; [2009.0, 2010.0]>",
company_c687e5e40f6322d81c7e914c05a0af6e,jardine matheson group,"<[-Infinity, Infinity, Company]>","<[-Infinity, Infinity, 1]>","<[2009.0, 2010.0, 283]>","<[2009.0, 2010.0]>",
company_5303811fda092431c7510dc59c24f669,jer partners,"<[-Infinity, Infinity, Company]>","<[-Infinity, Infinity, 2]>","<[2009.0, 2010.0, 284); [2010.0, 2011.0, 285]>","<[2009.0, 2010.0]; [2010.0, 2011.0]>",
company_296df1540870d1046cc25b392814596c,jones lang lasalle,"<[-Infinity, Infinity, Company]>","<[-Infinity, Infinity, 1]>","<[2009.0, 2010.0, 286]>","<[2009.0, 2010.0]>",
company_0a3c74904e17b5108f9938b0178565c5,julius baer group,"<[-Infinity, Infinity, Company]>","<[-Infinity, Infinity, 1]>","<[2009.0, 2010.0, 291]>","<[2009.0, 2010.0]>",
company_f2afe6c70e3d7d222c4f5ea3287c9c5f,kaupthing bank,"<[-Infinity, Infinity, Company]>","<[-Infinity, Infinity, 1]>","<[2009.0, 2010.0, 292]>","<[2009.0, 2010.0]>",
company_f5ba95ae58c4d9ba5a88926009b7245f,king street capital management,"<[-Infinity, Infinity, Company]>","<[-Infinity, Infinity, 1]>","<[2010.0, 2011.0, 294]>","<[2010.0, 2011.0]>",
company_07e0c619993c8546ff448010a40be359,koch industries,"<[-Infinity, Infinity, Company]>","<[-Infinity, Infinity, 1]>","<[2009.0, 2010.0, 575]>","<[2009.0, 2010.0]>",
company_2fd46b9b93a14dcea86b44b3a839ae81,kohler,"<[-Infinity, Infinity, Company]>","<[-Infinity, Infinity, 1]>","<[2009.0, 2010.0, 296]>","<[2009.0, 2010.0]>",
company_478ba3f8c0aabddcabb2360a939e138a,landesbank baden-wÃ¼rttemberg (lbbw),"<[-Infinity, Infinity, Company]>","<[-Infinity, Infinity, 2]>","<[2009.0, 2010.0, 297 | 298]>","<[2009.0, 2010.0]>",
company_5da9f30949bfdcd7c6b19a2bf4c21a4c,langres investment limited / aig global real estate investment (joint venture),"<[-Infinity, Infinity, Company]>","<[-Infinity, Infinity, 2]>","<[2009.0, 2010.0, 299 | 300]>","<[2009.0, 2010.0]>",
company_145aeea98f72809b5ad97814809fcec8,lasalle investment management,"<[-Infinity, Infinity, Company]>","<[-Infinity, Infinity, 1]>","<[2009.0, 2010.0, 287]>","<[2009.0, 2010.0]>",
company_5d8ac20e9f4aeb2aad7f26e580c30b25,lehman brothers real estate fund,"<[-Infinity, Infinity, Company]>","<[-Infinity, Infinity, 1]>","<[2008.0, 2009.0, 301]>","<[2008.0, 2009.0]>",
company_7e5a3535457e439bfe3cf5c04c6015ad,lewis trust group,"<[-Infinity, Infinity, Company]>","<[-Infinity, Infinity, 2]>","<[2009.0, 2010.0, 533); [2010.0, 2011.0, 534]>","<[2009.0, 2010.0]; [2010.0, 2011.0]>",
company_40f63fbdf7131904c84a70a6f53a4830,lhoist,"<[-Infinity, Infinity, Company]>","<[-Infinity, Infinity, 5]>","<[2009.0, 2010.0, 524); [2010.0, 2011.0, 525 | 526 | 527 | 528]>","<[2009.0, 2010.0]; [2010.0, 2011.0]>",
company_951ac22202b9365c61578d50a53f7bd7,li & fung,"<[-Infinity, Infinity, Company]>","<[-Infinity, Infinity, 2]>","<[2009.0, 2010.0, 195); [2010.0, 2011.0, 196]>","<[2009.0, 2010.0]; [2010.0, 2011.0]>",
company_60f139d56b099b4bdab13c5e18bd8291,li family trusts,"<[-Infinity, Infinity, Company]>","<[-Infinity, Infinity, 2]>","<[2003.0, 2004.0, 302]; [2009.0, 2010.0, 303]>","<[2003.0, 2004.0]; [2009.0, 2010.0]>",
company_b1a351a41ec7fbe521a1d73f4a21ab8c,lion capital,"<[-Infinity, Infinity, Company]>","<[-Infinity, Infinity, 2]>","<[2008.0, 2009.0, 304); [2009.0, 2010.0, 305]>","<[2008.0, 2009.0]; [2009.0, 2010.0]>",
company_38f1706725a4b22bc354f595eceb0a64,lohan,"<[-Infinity, Infinity, Company]>","<[-Infinity, Infinity, 1]>","<[2009.0, 2010.0, 198]>","<[2009.0, 2010.0]>",
company_e31ba889abc72ce2feb87a79723e952b,lombard international assurance,"<[-Infinity, Infinity, Company]>","<[-Infinity, Infinity, 1]>","<[2010.0, 2011.0, 194]>","<[2010.0, 2011.0]>",
company_6affd2106d15903d7245e4ef0616792a,lombard odier darier hentsch & cie,"<[-Infinity, Infinity, Company]>","<[-Infinity, Infinity, 1]>","<[2009.0, 2010.0, 308]>","<[2009.0, 2010.0]>",
company_7a948c5878c06e51ab8aed8fffcd59ff,lubrizol,"<[-Infinity, Infinity, Company]>","<[-Infinity, Infinity, 1]>","<[2009.0, 2010.0, 309]>","<[2009.0, 2010.0]>",
company_f444a70a7aceb558726ffab0434e1f0b,lvmh moÃ«t hennessy louis vuitton,"<[-Infinity, Infinity, Company]>","<[-Infinity, Infinity, 1]>","<[2010.0, 2011.0, 310]>","<[2010.0, 2011.0]>",
company_4b02cc8695448ee5653d5e80049a697f,macquarie global property advisors,"<[-Infinity, Infinity, Company]>","<[-Infinity, Infinity, 7]>","<[2008.0, 2009.0, 311 | 312 | 313 | 314); [2009.0, 2010.0, 315 | 316 | 546]>","<[2008.0, 2009.0]; [2009.0, 2010.0]>",
company_ec13a07f0796c518973a56032cd63018,mark iv industries,"<[-Infinity, Infinity, Company]>","<[-Infinity, Infinity, 1]>","<[2008.0, 2009.0, 317]>","<[2008.0, 2009.0]>",
company_367749404d7fbad17d587ef3f5fe2f2c,maus freres,"<[-Infinity, Infinity, Company]>","<[-Infinity, Infinity, 1]>","<[2008.0, 2009.0, 318]>","<[2008.0, 2009.0]>",
company_edadb62f7b9acc3fc957adf650c6851e,mcgraw-hill / standard & poors (now mcgraw hill financial),"<[-Infinity, Infinity, Company]>","<[-Infinity, Infinity, 1]>","<[2010.0, 2011.0, 319]>","<[2010.0, 2011.0]>",
company_6dbac66df52e9916387691c051488758,mercapital,"<[-Infinity, Infinity, Company]>","<[-Infinity, Infinity, 2]>","<[2002.0, 2003.0, 320]; [2009.0, 2010.0, 321]>","<[2002.0, 2003.0]; [2009.0, 2010.0]>",
company_c4f44751bb7543b0bcadd1d143d03d36,merrill lynch,"<[-Infinity, Infinity, Company]>","<[-Infinity, Infinity, 1]>","<[2007.0, 2008.0, 322]>","<[2007.0, 2008.0]>",
company_933dcda64b0f446a8b2a410c642cc8d6,merrill lynch / satpo group (joint venture),"<[-Infinity, Infinity, Company]>","<[-Infinity, Infinity, 2]>","<[2008.0, 2009.0, 323 | 324]>","<[2008.0, 2009.0]>",
company_99a708696b819ed500a4fee1f9391ba9,mettler-toledo,"<[-Infinity, Infinity, Company]>","<[-Infinity, Infinity, 1]>","<[2010.0, 2011.0, 325]>","<[2010.0, 2011.0]>",
company_ea16e20830c2e5a17c7f0ad5e1b7ac14,meyer bergman,"<[-Infinity, Infinity, Company]>","<[-Infinity, Infinity, 2]>","<[2010.0, 2011.0, 326 | 327]>","<[2010.0, 2011.0]>",
company_a64ebd090d93a17c6c3a83e219962aee,millipore,"<[-Infinity, Infinity, Company]>","<[-Infinity, Infinity, 1]>","<[2009.0, 2010.0, 328]>","<[2009.0, 2010.0]>",
company_f4cd78b4e5e18d0cb82c5c0b42063f13,montagu,"<[-Infinity, Infinity, Company]>","<[-Infinity, Infinity, 4]>","<[2006.0, 2007.0, 329 | 552); [2007.0, 2008.0, 330]; [2009.0, 2010.0, 331]>","<[2006.0, 2007.0]; [2007.0, 2008.0]; [2009.0, 2010.0]>",
company_2d9f8dd51ab1c04080cb603930e7fc16,moorfield group,"<[-Infinity, Infinity, Company]>","<[-Infinity, Infinity, 1]>","<[2010.0, 2011.0, 332]>","<[2010.0, 2011.0]>",
company_693b426bab26a8c611886270398e3cb2,mylan,"<[-Infinity, Infinity, Company]>","<[-Infinity, Infinity, 1]>","<[2010.0, 2011.0, 333]>","<[2010.0, 2011.0]>",
company_70687197feb05f36c1b060294c0da85b,natixis,"<[-Infinity, Infinity, Company]>","<[-Infinity, Infinity, 1]>","<[2009.0, 2010.0, 217]>","<[2009.0, 2010.0]>",
company_d1fb9d2b6ebc8d1b29a941b94beb7ed5,nc2 global,"<[-Infinity, Infinity, Company]>","<[-Infinity, Infinity, 2]>","<[2009.0, 2010.0, 334); [2010.0, 2011.0, 335]>","<[2009.0, 2010.0]; [2010.0, 2011.0]>",
company_88844eef58ceaa228508907fc0df73d5,next group,"<[-Infinity, Infinity, Company]>","<[-Infinity, Infinity, 1]>","<[2010.0, 2011.0, 89]>","<[2010.0, 2011.0]>",
company_dbdeb226652224f48511784f987a27ee,nikko cordial securities,"<[-Infinity, Infinity, Company]>","<[-Infinity, Infinity, 1]>","<[2009.0, 2010.0, 337]>","<[2009.0, 2010.0]>",
company_01d7d38c290de20b28b7c91f4ba39c20,nippon sheet glass group (nsg),"<[-Infinity, Infinity, Company]>","<[-Infinity, Infinity, 1]>","<[2007.0, 2008.0, 338]>","<[2007.0, 2008.0]>",
company_99ed4aa9412057ab81211fdb19a389cf,nordic capital,"<[-Infinity, Infinity, Company]>","<[-Infinity, Infinity, 4]>","<[2009.0, 2010.0, 339 | 340); [2010.0, 2011.0, 341 | 342]>","<[2009.0, 2010.0]; [2010.0, 2011.0]>",
company_f4db017ad8ee727fa40f9c23fe33fe60,nordson corporation,"<[-Infinity, Infinity, Company]>","<[-Infinity, Infinity, 1]>","<[2010.0, 2011.0, 343]>","<[2010.0, 2011.0]>",
company_b2635c21b09ed10866006fe64245d9b2,northern & shell,"<[-Infinity, Infinity, Company]>","<[-Infinity, Infinity, 3]>","<[2009.0, 2010.0, 344 | 345 | 346]>","<[2009.0, 2010.0]>",
company_d56abe9621abc3d45ad952d5c1122b4f,oaktree capital management,"<[-Infinity, Infinity, Company]>","<[-Infinity, Infinity, 1]>","<[2010.0, 2011.0, 347]>","<[2010.0, 2011.0]>",
company_b6611288ded95548f266bc52d1f0b6f9,office depot,"<[-Infinity, Infinity, Company]>","<[-Infinity, Infinity, 1]>","<[2010.0, 2011.0, 348]>","<[2010.0, 2011.0]>",
company_5a28203d837e26e1e5d1c9460d5ec72e,olayan group,"<[-Infinity, Infinity, Company]>","<[-Infinity, Infinity, 1]>","<[2009.0, 2010.0, 349]>","<[2009.0, 2010.0]>",
company_2cc7003f06485d46a2efdd6b58b8a9c1,olympus capital holdings asia,"<[-Infinity, Infinity, Company]>","<[-Infinity, Infinity, 1]>","<[2010.0, 2011.0, 350]>","<[2010.0, 2011.0]>",
company_175cb482258746648cfba7ab2d257ed1,pacific century group,"<[-Infinity, Infinity, Company]>","<[-Infinity, Infinity, 1]>","<[2010.0, 2011.0, 351]>","<[2010.0, 2011.0]>",
company_53b5775c9fc80b70caab0396646941af,pala investments,"<[-Infinity, Infinity, Company]>","<[-Infinity, Infinity, 1]>","<[2008.0, 2009.0, 352]>","<[2008.0, 2009.0]>",
company_a444c32c3e51d77e629c6677d242449e,palamon capital partners,"<[-Infinity, Infinity, Company]>","<[-Infinity, Infinity, 4]>","<[2009.0, 2010.0, 354 | 355); [2010.0, 2011.0, 353 | 356]>","<[2009.0, 2010.0]; [2010.0, 2011.0]>",
company_0bc207445dca30c3be46b5a829aa96fb,paloma industries,"<[-Infinity, Infinity, Company]>","<[-Infinity, Infinity, 1]>","<[2008.0, 2009.0, 357]>","<[2008.0, 2009.0]>",
company_ea4fafa51e8c10f24b9881d701f2b2d2,panorama capital,"<[-Infinity, Infinity, Company]>","<[-Infinity, Infinity, 1]>","<[2010.0, 2011.0, 358]>","<[2010.0, 2011.0]>",
company_7b2e60ec6fdf3affea2877464f4d8ccf,paul capital,"<[-Infinity, Infinity, Company]>","<[-Infinity, Infinity, 4]>","<[2009.0, 2010.0, 359 | 360 | 362); [2010.0, 2011.0, 361]>","<[2009.0, 2010.0]; [2010.0, 2011.0]>",
company_55a11264773f960e384ca5ebcd1a2d63,pentex investments,"<[-Infinity, Infinity, Company]>","<[-Infinity, Infinity, 1]>","<[2009.0, 2010.0, 336]>","<[2009.0, 2010.0]>",
company_99f6c465cbe93a79d8f3ade0c36552ca,pepsi bottling group,"<[-Infinity, Infinity, Company]>","<[-Infinity, Infinity, 1]>","<[2010.0, 2011.0, 363]>","<[2010.0, 2011.0]>",
company_461024699a7cb4f5f1f04f97b706af21,permira,"<[-Infinity, Infinity, Company]>","<[-Infinity, Infinity, 2]>","<[2009.0, 2010.0, 364 | 365]>","<[2009.0, 2010.0]>",
company_0015bd742d974c1b436e8f11e0e75791,perry capital,"<[-Infinity, Infinity, Company]>","<[-Infinity, Infinity, 1]>","<[2009.0, 2010.0, 366]>","<[2009.0, 2010.0]>",
company_5b4c47d53b6508d384c9143ad29cf783,pimco,"<[-Infinity, Infinity, Company]>","<[-Infinity, Infinity, 1]>","<[2009.0, 2010.0, 571]>","<[2009.0, 2010.0]>",
company_e0d961ee24794444b13be5b760f821d2,powergen,"<[-Infinity, Infinity, Company]>","<[-Infinity, Infinity, 1]>","<[2002.0, 2003.0, 516]>","<[2002.0, 2003.0]>",
company_94ff2d78578d95d1e8d3a2233c76188d,procter & gamble,"<[-Infinity, Infinity, Company]>","<[-Infinity, Infinity, 7]>","<[2008.0, 2009.0, 367 | 368); [2009.0, 2010.0, 369 | 370 | 371); [2010.0, 2011.0, 372 | 373]>","<[2008.0, 2009.0]; [2009.0, 2010.0]; [2010.0, 2011.0]>",
company_683ea7d03d312f83c1e4fc2bcd00549a,prospector offshore drilling,"<[-Infinity, Infinity, Company]>","<[-Infinity, Infinity, 1]>","<[2010.0, 2011.0, 374]>","<[2010.0, 2011.0]>",
company_a69e500afd6dbc0f51067c6485cdb324,providence equity partners,"<[-Infinity, Infinity, Company]>","<[-Infinity, Infinity, 1]>","<[2010.0, 2011.0, 375]>","<[2010.0, 2011.0]>",
company_a01442cf197dce4306fc7547ca7fada7,prudential,"<[-Infinity, Infinity, Company]>","<[-Infinity, Infinity, 1]>","<[2010.0, 2011.0, 376]>","<[2010.0, 2011.0]>",
company_1ac0b79ec98c4ed74a85735db0947da0,prudential investments uk,"<[-Infinity, Infinity, Company]>","<[-Infinity, Infinity, 2]>","<[2009.0, 2010.0, 377 | 378]>","<[2009.0, 2010.0]>",
company_1ebf77b8f47e13c34c1fb0ce18663294,public sector pension investment board / cedar cove group,"<[-Infinity, Infinity, Company]>","<[-Infinity, Infinity, 1]>","<[2009.0, 2010.0, 381]>","<[2009.0, 2010.0]>",
company_763d3291afd0e5b33bd4be0c91f16ee9,quad-c partners,"<[-Infinity, Infinity, Company]>","<[-Infinity, Infinity, 1]>","<[2009.0, 2010.0, 382]>","<[2009.0, 2010.0]>",
company_1cb0a694aa3ed582f4f774c3388c569d,quilvest,"<[-Infinity, Infinity, Company]>","<[-Infinity, Infinity, 5]>","<[2008.0, 2009.0, 383 | 384); [2009.0, 2010.0, 385 | 387); [2010.0, 2011.0, 386]>","<[2008.0, 2009.0]; [2009.0, 2010.0]; [2010.0, 2011.0]>",
company_1a45c21f35adb199a2c13081d751ba86,r.e. international,"<[-Infinity, Infinity, Company]>","<[-Infinity, Infinity, 1]>","<[2008.0, 2009.0, 293]>","<[2008.0, 2009.0]>",
company_1e25741d99767bc812c5e5ca59ef6c92,ramius,"<[-Infinity, Infinity, Company]>","<[-Infinity, Infinity, 1]>","<[2009.0, 2010.0, 388]>","<[2009.0, 2010.0]>",
company_48fcb765ff6febe73066f9763b4a8138,reckitt benckiser,"<[-Infinity, Infinity, Company]>","<[-Infinity, Infinity, 5]>","<[2008.0, 2009.0, 389 | 572); [2009.0, 2010.0, 390); [2010.0, 2011.0, 391 | 392]>","<[2008.0, 2009.0]; [2009.0, 2010.0]; [2010.0, 2011.0]>",
company_aaaa1e2bd20e9a316127cef7b554e32f,reso,"<[-Infinity, Infinity, Company]>","<[-Infinity, Infinity, 1]>","<[2010.0, 2011.0, 393]>","<[2010.0, 2011.0]>",
company_1b53876617f497ef3992e94cbaf8954f,rmk timberland group,"<[-Infinity, Infinity, Company]>","<[-Infinity, Infinity, 1]>","<[2010.0, 2011.0, 394]>","<[2010.0, 2011.0]>",
company_4b758a8278e9976b43c1005a23a49299,rockspring,"<[-Infinity, Infinity, Company]>","<[-Infinity, Infinity, 1]>","<[2010.0, 2011.0, 395]>","<[2010.0, 2011.0]>",
company_fe6e7c01f0f1a429c49c395891c8f719,rockspring paneuropean property,"<[-Infinity, Infinity, Company]>","<[-Infinity, Infinity, 1]>","<[2008.0, 2009.0, 396]>","<[2008.0, 2009.0]>",
company_4b20131ef7b77eb47a2c8b66992eb1a4,rockspring property investment managers,"<[-Infinity, Infinity, Company]>","<[-Infinity, Infinity, 1]>","<[2009.0, 2010.0, 397]>","<[2009.0, 2010.0]>",
company_816983789dd8e6bfef04702fd29783a2,rosebud real estate,"<[-Infinity, Infinity, Company]>","<[-Infinity, Infinity, 1]>","<[2009.0, 2010.0, 398]>","<[2009.0, 2010.0]>",
company_e7361ad7691740d27641bcb1a081ca33,rowan companies,"<[-Infinity, Infinity, Company]>","<[-Infinity, Infinity, 1]>","<[2009.0, 2010.0, 399]>","<[2009.0, 2010.0]>",
company_283803c500ff96bb2e6ab7e2ed510c41,rreef global opportunities fund ii,"<[-Infinity, Infinity, Company]>","<[-Infinity, Infinity, 1]>","<[2009.0, 2010.0, 521]>","<[2009.0, 2010.0]>",
company_0a2d8588f9b336c453029d57dc5eb7ed,rubicon group,"<[-Infinity, Infinity, Company]>","<[-Infinity, Infinity, 1]>","<[2008.0, 2009.0, 29]>","<[2008.0, 2009.0]>",
company_cd64effa206c47c4cdb1517721801903,rubus international,"<[-Infinity, Infinity, Company]>","<[-Infinity, Infinity, 1]>","<[2011.0, 2012.0, 400]>","<[2011.0, 2012.0]>",
company_bd334db43c61afff60c1514bd32c2ce4,sanpaolo bank,"<[-Infinity, Infinity, Company]>","<[-Infinity, Infinity, 2]>","<[2008.0, 2009.0, 401 | 402]>","<[2008.0, 2009.0]>",
company_c87b43002a0da1a21fd732705cf627f4,sberbank,"<[-Infinity, Infinity, Company]>","<[-Infinity, Infinity, 1]>","<[2008.0, 2009.0, 403]>","<[2008.0, 2009.0]>",
company_7fd3f164c311ea479528a3d4374972fd,schawk,"<[-Infinity, Infinity, Company]>","<[-Infinity, Infinity, 1]>","<[2010.0, 2011.0, 404]>","<[2010.0, 2011.0]>",
company_8bb460dc1266bace1026a5876aed6110,schroders / asia pacific land group,"<[-Infinity, Infinity, Company]>","<[-Infinity, Infinity, 1]>","<[2008.0, 2009.0, 405]>","<[2008.0, 2009.0]>",
company_5821e945d22edb48ef4845296d700877,sella bank,"<[-Infinity, Infinity, Company]>","<[-Infinity, Infinity, 2]>","<[2009.0, 2010.0, 224); [2010.0, 2011.0, 223]>","<[2009.0, 2010.0]; [2010.0, 2011.0]>",
company_def2979cc8866209a3751fa344350378,shire,"<[-Infinity, Infinity, Company]>","<[-Infinity, Infinity, 6]>","<[2009.0, 2010.0, 407 | 408 | 409 | 410 | 411); [2010.0, 2011.0, 412]>","<[2009.0, 2010.0]; [2010.0, 2011.0]>",
company_c67d8c065848970b3ed9ff3613c6ba65,signa recap management,"<[-Infinity, Infinity, Company]>","<[-Infinity, Infinity, 1]>","<[2010.0, 2011.0, 413]>","<[2010.0, 2011.0]>",
company_94c7a50a6eb714ae74400485683487d7,sisk group / sicon,"<[-Infinity, Infinity, Company]>","<[-Infinity, Infinity, 1]>","<[2010.0, 2011.0, 414]>","<[2010.0, 2011.0]>",
company_d743e8d67af5336d107f470d7b17f437,skandinaviska enskilda banken,"<[-Infinity, Infinity, Company]>","<[-Infinity, Infinity, 1]>","<[2009.0, 2010.0, 415]>","<[2009.0, 2010.0]>",
company_d421c3f3848dd23ad47b365904352488,skype,"<[-Infinity, Infinity, Company]>","<[-Infinity, Infinity, 1]>","<[2005.0, 2006.0, 580]>","<[2005.0, 2006.0]>",
company_b20a791cd6780e6c7ee9375574775e07,skype (then owned by ebay / silver lake partners),"<[-Infinity, Infinity, Company]>","<[-Infinity, Infinity, 2]>","<[2010.0, 2011.0, 582 | 584]>","<[2010.0, 2011.0]>",
company_20a18feb3108c066ebf4c913f284721a,socfin,"<[-Infinity, Infinity, Company]>","<[-Infinity, Infinity, 1]>","<[2010.0, 2011.0, 416]>","<[2010.0, 2011.0]>",
company_b4982a17e95179d28c387b3d08303eae,sportfive group,"<[-Infinity, Infinity, Company]>","<[-Infinity, Infinity, 1]>","<[2010.0, 2011.0, 418]>","<[2010.0, 2011.0]>",
company_dba450eec1fe7eeb57597fb2bb650c13,sr technics,"<[-Infinity, Infinity, Company]>","<[-Infinity, Infinity, 1]>","<[2009.0, 2010.0, 419]>","<[2009.0, 2010.0]>",
company_254d290cd568731c37ba45103c16c22d,srv,"<[-Infinity, Infinity, Company]>","<[-Infinity, Infinity, 1]>","<[2009.0, 2010.0, 561]>","<[2009.0, 2010.0]>",
company_50f83e24db4b5ff758bb2b11b58e39ad,stabilus,"<[-Infinity, Infinity, Company]>","<[-Infinity, Infinity, 1]>","<[2009.0, 2010.0, 420]>","<[2009.0, 2010.0]>",
company_a4d18fc84a927940d1294e253001ce3d,staples,"<[-Infinity, Infinity, Company]>","<[-Infinity, Infinity, 1]>","<[2009.0, 2010.0, 421]>","<[2009.0, 2010.0]>",
company_1814c8f6ccce57937fe808dc1d08bac9,star capital partners,"<[-Infinity, Infinity, Company]>","<[-Infinity, Infinity, 1]>","<[2009.0, 2010.0, 422]>","<[2009.0, 2010.0]>",
company_38560a88ddb6df2d2138324ad332c647,starwood capital group,"<[-Infinity, Infinity, Company]>","<[-Infinity, Infinity, 4]>","<[2008.0, 2009.0, 426]; [2010.0, 2011.0, 423 | 424 | 425]>","<[2008.0, 2009.0]; [2010.0, 2011.0]>",
company_9aea7b23b427e31f350251d7764d1ac3,state street bank,"<[-Infinity, Infinity, Company]>","<[-Infinity, Infinity, 1]>","<[2008.0, 2009.0, 427]>","<[2008.0, 2009.0]>",
company_a55e66526a773767dba6e64dd88fd0bb,sun capital,"<[-Infinity, Infinity, Company]>","<[-Infinity, Infinity, 1]>","<[2009.0, 2010.0, 428]>","<[2009.0, 2010.0]>",
company_263e7e39be6ca4e452ae1d2dd1226c39,swire pacific,"<[-Infinity, Infinity, Company]>","<[-Infinity, Infinity, 1]>","<[2010.0, 2011.0, 429]>","<[2010.0, 2011.0]>",
company_c0be42a689146da3eefe79271a9dbcee,sykes enterprises,"<[-Infinity, Infinity, Company]>","<[-Infinity, Infinity, 1]>","<[2009.0, 2010.0, 430]>","<[2009.0, 2010.0]>",
company_1c91f6d507c3d5dd11112dffa82e7d5d,taylor and francis group / informa,"<[-Infinity, Infinity, Company]>","<[-Infinity, Infinity, 1]>","<[2008.0, 2009.0, 273]>","<[2008.0, 2009.0]>",
company_05517387411b1eedf51bf16b4ae7a67c,taylor wimpey,"<[-Infinity, Infinity, Company]>","<[-Infinity, Infinity, 3]>","<[2009.0, 2010.0, 535 | 536 | 537]>","<[2009.0, 2010.0]>",
company_dc7a08848d3fca273d1535bdb45a85c7,tdc a/s,"<[-Infinity, Infinity, Company]>","<[-Infinity, Infinity, 1]>","<[2010.0, 2011.0, 553]>","<[2010.0, 2011.0]>",
company_318f0de8434401bbfd0ca5e42c108743,tdr capital,"<[-Infinity, Infinity, Company]>","<[-Infinity, Infinity, 1]>","<[2010.0, 2011.0, 431]>","<[2010.0, 2011.0]>",
company_cdc38147e4f53a09485f7ca7d5ac64b5,tele columbus,"<[-Infinity, Infinity, Company]>","<[-Infinity, Infinity, 1]>","<[2010.0, 2011.0, 432]>","<[2010.0, 2011.0]>",
company_6a56e2c7508ed39ff2b6478a1c09f7cc,tele2 group,"<[-Infinity, Infinity, Company]>","<[-Infinity, Infinity, 1]>","<[2010.0, 2011.0, 433]>","<[2010.0, 2011.0]>",
company_8839093c94b7fd4a64c4f1ae435bd5ce,telecom italia group,"<[-Infinity, Infinity, Company]>","<[-Infinity, Infinity, 1]>","<[2007.0, 2008.0, 577]>","<[2007.0, 2008.0]>",
company_39f84a6f5916604a33c4338688a6e921,telenet,"<[-Infinity, Infinity, Company]>","<[-Infinity, Infinity, 1]>","<[2010.0, 2011.0, 544]>","<[2010.0, 2011.0]>",
company_1f8b31b1195b31d30e05687d155dcab6,temenos,"<[-Infinity, Infinity, Company]>","<[-Infinity, Infinity, 1]>","<[2009.0, 2010.0, 434]>","<[2009.0, 2010.0]>",
company_f7e88c4d89eb4c6e98b776d816cd7a29,the heesen family,"<[-Infinity, Infinity, Company]>","<[-Infinity, Infinity, 1]>","<[2009.0, 2010.0, 562]>","<[2009.0, 2010.0]>",
company_cee710ff4b3b000c165c3b628e93670b,the prudential assurance company,"<[-Infinity, Infinity, Company]>","<[-Infinity, Infinity, 2]>","<[2006.0, 2007.0, 379]; [2009.0, 2010.0, 380]>","<[2006.0, 2007.0]; [2009.0, 2010.0]>",
company_be429268b703a78fdda1d3adb5a237d3,the red sunset holding,"<[-Infinity, Infinity, Company]>","<[-Infinity, Infinity, 1]>","<[2009.0, 2010.0, 406]>","<[2009.0, 2010.0]>",
company_5c11b8180c3dc6442031ac18dbe7e8a0,the walt disney company,"<[-Infinity, Infinity, Company]>","<[-Infinity, Infinity, 1]>","<[2009.0, 2010.0, 574]>","<[2009.0, 2010.0]>",
company_c90679a98f25ba660cbd77a6bcc605b1,threadneedle asset management,"<[-Infinity, Infinity, Company]>","<[-Infinity, Infinity, 1]>","<[2009.0, 2010.0, 36]>","<[2009.0, 2010.0]>",
company_1e46a7842ff4f2b38198f603af77402e,tiger global management,"<[-Infinity, Infinity, Company]>","<[-Infinity, Infinity, 3]>","<[2008.0, 2009.0, 436); [2009.0, 2010.0, 437 | 438]>","<[2008.0, 2009.0]; [2009.0, 2010.0]>",
company_c7007552059bf33955d47650ff320a2d,tiger partners,"<[-Infinity, Infinity, Company]>","<[-Infinity, Infinity, 1]>","<[2009.0, 2010.0, 439]>","<[2009.0, 2010.0]>",
company_93710400f3941eb7a2526e481f439aa0,timberland,"<[-Infinity, Infinity, Company]>","<[-Infinity, Infinity, 1]>","<[2010.0, 2011.0, 440]>","<[2010.0, 2011.0]>",
company_15e46ebef42612cb2ec83fbfa917b847,titan international,"<[-Infinity, Infinity, Company]>","<[-Infinity, Infinity, 1]>","<[2009.0, 2010.0, 442]>","<[2009.0, 2010.0]>",
company_0d41873e1ae1c543e780ca9ed71f9e88,tmd friction,"<[-Infinity, Infinity, Company]>","<[-Infinity, Infinity, 2]>","<[2008.0, 2009.0, 443]; [2010.0, 2011.0, 444]>","<[2008.0, 2009.0]; [2010.0, 2011.0]>",
company_82d0eda66a9537ac3b6a4bfd881707d5,tmf group,"<[-Infinity, Infinity, Company]>","<[-Infinity, Infinity, 1]>","<[2009.0, 2010.0, 153]>","<[2009.0, 2010.0]>",
company_e94fd6682103278427e39a72ce71a674,tower 2008 charitable trust,"<[-Infinity, Infinity, Company]>","<[-Infinity, Infinity, 1]>","<[2009.0, 2010.0, 445]>","<[2009.0, 2010.0]>",
company_9be6ea07c6a8db992b736acadd5642d2,towerbrook capital partners,"<[-Infinity, Infinity, Company]>","<[-Infinity, Infinity, 1]>","<[2009.0, 2010.0, 446]>","<[2009.0, 2010.0]>",
company_a23857c79fa9116a88fdaa97661f3086,trafalgar overseas,"<[-Infinity, Infinity, Company]>","<[-Infinity, Infinity, 1]>","<[2010.0, 2011.0, 447]>","<[2010.0, 2011.0]>",
company_c3a85269b0cf4508f2c74649ab638600,tyco electronics,"<[-Infinity, Infinity, Company]>","<[-Infinity, Infinity, 3]>","<[2009.0, 2010.0, 448 | 450); [2010.0, 2011.0, 449]>","<[2009.0, 2010.0]; [2010.0, 2011.0]>",
company_9d89a845e22841aea6025436b7c1e521,tyco international,"<[-Infinity, Infinity, Company]>","<[-Infinity, Infinity, 5]>","<[2008.0, 2009.0, 451); [2009.0, 2010.0, 452 | 453 | 454); [2010.0, 2011.0, 455]>","<[2008.0, 2009.0]; [2009.0, 2010.0]; [2010.0, 2011.0]>",
company_735d8243f170eb95a0d73d459f442f60,ubi banca,"<[-Infinity, Infinity, Company]>","<[-Infinity, Infinity, 1]>","<[2009.0, 2010.0, 456]>","<[2009.0, 2010.0]>",
company_76b4ad4a08f2bfce316ad6d4b1f9765c,ubm group,"<[-Infinity, Infinity, Company]>","<[-Infinity, Infinity, 3]>","<[2009.0, 2010.0, 457 | 458 | 459]>","<[2009.0, 2010.0]>",
company_a51fe3d58d97650115803090779d17f5,ubs,"<[-Infinity, Infinity, Company]>","<[-Infinity, Infinity, 1]>","<[2010.0, 2011.0, 461]>","<[2010.0, 2011.0]>",
company_3543252f280f82856d415ada2718946a,unibanco uniÃ£o de bancos brasileiros,"<[-Infinity, Infinity, Company]>","<[-Infinity, Infinity, 1]>","<[2009.0, 2010.0, 462]>","<[2009.0, 2010.0]>",
company_5ee0b473cfe354a425295c197ebf7c4e,unibra,"<[-Infinity, Infinity, Company]>","<[-Infinity, Infinity, 1]>","<[2009.0, 2010.0, 529]>","<[2009.0, 2010.0]>",
company_6d6c75103db3ea822631ae97fe8f4974,unicorn investment bank (now bank alkhair b.s.c.),"<[-Infinity, Infinity, Company]>","<[-Infinity, Infinity, 1]>","<[2009.0, 2010.0, 463]>","<[2009.0, 2010.0]>",
company_64613dddb176a9233a8077c3ad056c46,unicredit,"<[-Infinity, Infinity, Company]>","<[-Infinity, Infinity, 2]>","<[2009.0, 2010.0, 464 | 465]>","<[2009.0, 2010.0]>",
company_0453b4e36abca40fc0541f3585773acb,union bancaire privÃ©e (ubp),"<[-Infinity, Infinity, Company]>","<[-Infinity, Infinity, 1]>","<[2007.0, 2008.0, 581]>","<[2007.0, 2008.0]>",
company_d3a5dd4633eac3ce2b2b1a9962e6a60c,united america indemnity,"<[-Infinity, Infinity, Company]>","<[-Infinity, Infinity, 1]>","<[2009.0, 2010.0, 466]>","<[2009.0, 2010.0]>",
company_ab453497a128dba28c6d15a819cc5943,united luxembourg investments,"<[-Infinity, Infinity, Company]>","<[-Infinity, Infinity, 1]>","<[2010.0, 2011.0, 460]>","<[2010.0, 2011.0]>",
company_0c960f6a52aa05de517825c0e523f763,united technologies corporation,"<[-Infinity, Infinity, Company]>","<[-Infinity, Infinity, 2]>","<[2010.0, 2011.0, 467 | 468]>","<[2010.0, 2011.0]>",
company_720578d02bd08476786b99bdbf8472c9,upline,"<[-Infinity, Infinity, Company]>","<[-Infinity, Infinity, 1]>","<[2009.0, 2010.0, 469]>","<[2009.0, 2010.0]>",
company_81d51fcb0b27b30464d3d7629796ed36,value-call,"<[-Infinity, Infinity, Company]>","<[-Infinity, Infinity, 1]>","<[2009.0, 2010.0, 470]>","<[2009.0, 2010.0]>",
company_c47621ea7e5054986e5fb49c310d968f,vastned offices / industrial nv,"<[-Infinity, Infinity, Company]>","<[-Infinity, Infinity, 1]>","<[2009.0, 2010.0, 471]>","<[2009.0, 2010.0]>",
company_5525ff59adcaac313923ab89d0a618c5,verizon,"<[-Infinity, Infinity, Company]>","<[-Infinity, Infinity, 1]>","<[2010.0, 2011.0, 472]>","<[2010.0, 2011.0]>",
company_54a49bbee928a55a8075538515bb9172,vermilion energy trust,"<[-Infinity, Infinity, Company]>","<[-Infinity, Infinity, 1]>","<[2009.0, 2010.0, 473]>","<[2009.0, 2010.0]>",
company_77841d6f8922e75181757fc39b92b1b8,veronis suhler stevenson / lanetro zed,"<[-Infinity, Infinity, Company]>","<[-Infinity, Infinity, 1]>","<[2009.0, 2010.0, 474]>","<[2009.0, 2010.0]>",
company_2ea1b2d890e0b13f2c79f64428381d3c,versorgungswerk der zahnÃ¤rztekammer westfalen lippe / Ã¤rztekammer westfalen lippe (joint venture),"<[-Infinity, Infinity, Company]>","<[-Infinity, Infinity, 2]>","<[2009.0, 2010.0, 475 | 476]>","<[2009.0, 2010.0]>",
company_1ce7b285b07c3b6eab32a641a9bc38de,vistec electronic beam lithography group,"<[-Infinity, Infinity, Company]>","<[-Infinity, Infinity, 1]>","<[2010.0, 2011.0, 477]>","<[2010.0, 2011.0]>",
company_6b9f58246529f25acc2d09440f40df00,vitec group,"<[-Infinity, Infinity, Company]>","<[-Infinity, Infinity, 1]>","<[2009.0, 2010.0, 478]>","<[2009.0, 2010.0]>",
company_35106f38615a07a8fe755385c606d1d2,vitruvian partners,"<[-Infinity, Infinity, Company]>","<[-Infinity, Infinity, 2]>","<[2009.0, 2010.0, 479); [2010.0, 2011.0, 480]>","<[2009.0, 2010.0]; [2010.0, 2011.0]>",
company_b2a3e3d84ecf317711b3750443922169,viva group,"<[-Infinity, Infinity, Company]>","<[-Infinity, Infinity, 1]>","<[2009.0, 2010.0, 481]>","<[2009.0, 2010.0]>",
company_8dda65453781d2fc9794de9e4e4bf723,vkgp,"<[-Infinity, Infinity, Company]>","<[-Infinity, Infinity, 1]>","<[2010.0, 2011.0, 482]>","<[2010.0, 2011.0]>",
company_84bc7eaa45ea2645f030a98e7866f34c,vodafone,"<[-Infinity, Infinity, Company]>","<[-Infinity, Infinity, 2]>","<[2006.0, 2007.0, 483]; [2009.0, 2010.0, 484]>","<[2006.0, 2007.0]; [2009.0, 2010.0]>",
company_667d7490e62e6b942c28510460bc0f1a,vodafone finance,"<[-Infinity, Infinity, Company]>","<[-Infinity, Infinity, 1]>","<[2009.0, 2010.0, 485]>","<[2009.0, 2010.0]>",
company_481e5f1f648dc3059de8b63478f66fb5,volkswagen financial services,"<[-Infinity, Infinity, Company]>","<[-Infinity, Infinity, 1]>","<[2010.0, 2011.0, 486]>","<[2010.0, 2011.0]>",
company_2dda8284800eb328b87b7161c94104e2,vts,"<[-Infinity, Infinity, Company]>","<[-Infinity, Infinity, 1]>","<[2010.0, 2011.0, 487]>","<[2010.0, 2011.0]>",
company_5a4a25f1d890d6b34f631723b7ac21f8,waalfin holding / we group,"<[-Infinity, Infinity, Company]>","<[-Infinity, Infinity, 4]>","<[2008.0, 2009.0, 489); [2009.0, 2010.0, 490); [2010.0, 2011.0, 491 | 492]>","<[2008.0, 2009.0]; [2009.0, 2010.0]; [2010.0, 2011.0]>",
company_95580dd0c3aeaf7fd49fda41167f61f6,wall street institute (owned by carlyle group),"<[-Infinity, Infinity, Company]>","<[-Infinity, Infinity, 1]>","<[2009.0, 2010.0, 548]>","<[2009.0, 2010.0]>",
company_fcc6b131051cab966dd1e44b2cae066b,warner chilcott group,"<[-Infinity, Infinity, Company]>","<[-Infinity, Infinity, 1]>","<[2009.0, 2010.0, 488]>","<[2009.0, 2010.0]>",
company_cd2899f7b0d65124d3c05cd0e85136b9,weather investments / hellas telecommunications / wind,"<[-Infinity, Infinity, Company]>","<[-Infinity, Infinity, 2]>","<[2009.0, 2010.0, 493); [2010.0, 2011.0, 547]>","<[2009.0, 2010.0]; [2010.0, 2011.0]>",
company_f8f5c50313643c64e558572b739201d9,weather investments / orascom,"<[-Infinity, Infinity, Company]>","<[-Infinity, Infinity, 1]>","<[2010.0, 2011.0, 494]>","<[2010.0, 2011.0]>",
company_54c9285b943a2e901b1fbc7e08563a1d,weatherford,"<[-Infinity, Infinity, Company]>","<[-Infinity, Infinity, 2]>","<[2009.0, 2010.0, 495 | 496]>","<[2009.0, 2010.0]>",
company_aaec1c82ec5e6be900432963630adf88,wendel investissement,"<[-Infinity, Infinity, Company]>","<[-Infinity, Infinity, 1]>","<[2010.0, 2011.0, 497]>","<[2010.0, 2011.0]>",
company_d084b20bca50741f25c4f4b0aa1fd305,westend,"<[-Infinity, Infinity, Company]>","<[-Infinity, Infinity, 1]>","<[2009.0, 2010.0, 61]>","<[2009.0, 2010.0]>",
company_6faf3972bcd472b77d409c9760c5fcd0,wgz bank,"<[-Infinity, Infinity, Company]>","<[-Infinity, Infinity, 1]>","<[2009.0, 2010.0, 498]>","<[2009.0, 2010.0]>",
company_138302b0827e3452c274b6239fed08bd,whatman,"<[-Infinity, Infinity, Company]>","<[-Infinity, Infinity, 1]>","<[2009.0, 2010.0, 201]>","<[2009.0, 2010.0]>",
company_5e1c075cb448e21d853ad76712360c47,white mountains insurance group,"<[-Infinity, Infinity, Company]>","<[-Infinity, Infinity, 6]>","<[2005.0, 2006.0, 500); [2006.0, 2007.0, 501]; [2009.0, 2010.0, 502 | 503 | 504); [2010.0, 2011.0, 499]>","<[2005.0, 2006.0]; [2006.0, 2007.0]; [2009.0, 2010.0]; [2010.0, 2011.0]>",
company_2236ab89726aa7c6c05a25f67a2a54d2,white mountains insurance group / sirius insurance holding,"<[-Infinity, Infinity, Company]>","<[-Infinity, Infinity, 1]>","<[2009.0, 2010.0, 505]>","<[2009.0, 2010.0]>",
company_234162336dc6943d6612bb825adfaba7,wolseley,"<[-Infinity, Infinity, Company]>","<[-Infinity, Infinity, 1]>","<[2009.0, 2010.0, 506]>","<[2009.0, 2010.0]>",
company_af2d91a08afd28170bcf7095ceff04c4,wynnchurch capital / safeworks,"<[-Infinity, Infinity, Company]>","<[-Infinity, Infinity, 1]>","<[2009.0, 2010.0, 507]>","<[2009.0, 2010.0]>",
company_63779dd4a078300a0b8745d05c114f08,x-rite holdings,"<[-Infinity, Infinity, Company]>","<[-Infinity, Infinity, 1]>","<[2010.0, 2011.0, 508]>","<[2010.0, 2011.0]>",
company_cfbd35aa1960256cbdfaa7cff8732df5,yamana gold,"<[-Infinity, Infinity, Company]>","<[-Infinity, Infinity, 1]>","<[2010.0, 2011.0, 509]>","<[2010.0, 2011.0]>",
company_4adcb535531536191bd098b29ed0a0e9,york capital management,"<[-Infinity, Infinity, Company]>","<[-Infinity, Infinity, 3]>","<[2006.0, 2007.0, 510]; [2010.0, 2011.0, 511 | 512]>","<[2006.0, 2007.0]; [2010.0, 2011.0]>",
company_fa56ccce19875da6669ca3f96eee4d19,Ã¤rtzeversorgung westfalen lippe (Ã¤vwl),"<[-Infinity, Infinity, Company]>","<[-Infinity, Infinity, 1]>","<[2008.0, 2009.0, 62]>","<[2008.0, 2009.0]>",
industry_05e7d19a6d002118deef70d21ff4226e,energy,"<[-Infinity, Infinity, Industry]>","<[-Infinity, Infinity, 47]>","<[2002.0, 2003.0, n/a); [2003.0, 2004.0, n/a]; [2006.0, 2007.0, n/a]; [2008.0, 2009.0, n/a); [2009.0, 2010.0, n/a); [2010.0, 2011.0, n/a]>","<[2002.0, 2003.0]; [2003.0, 2004.0]; [2006.0, 2007.0]; [2008.0, 2009.0]; [2009.0, 2010.0]; [2010.0, 2011.0]>",
industry_57336afd1f4b40dfd9f5731e35302fe5,finance,"<[-Infinity, Infinity, Industry]>","<[-Infinity, Infinity, 406]>","<[2002.0, 2003.0, n/a); [2003.0, 2004.0, n/a); [2004.0, 2005.0, n/a); [2005.0, 2006.0, n/a); [2006.0, 2007.0, n/a); [2007.0, 2008.0, n/a); [2008.0, 2009.0, n/a); [2009.0, 2010.0, n/a); [2010.0, 2011.0, n/a); [2011.0, 2012.0, n/a]>","<[2002.0, 2003.0]; [2003.0, 2004.0]; [2004.0, 2005.0]; [2005.0, 2006.0]; [2006.0, 2007.0]; [2007.0, 2008.0]; [2008.0, 2009.0]; [2009.0, 2010.0]; [2010.0, 2011.0]; [2011.0, 2012.0]>",
industry_62506be34d574da4a0d158a67253ea99,food,"<[-Infinity, Infinity, Industry]>","<[-Infinity, Infinity, 30]>","<[2008.0, 2009.0, n/a); [2009.0, 2010.0, n/a); [2010.0, 2011.0, n/a]>","<[2008.0, 2009.0]; [2009.0, 2010.0]; [2010.0, 2011.0]>",
industry_555bf8344ca0caf09b42f55e185526d8,health,"<[-Infinity, Infinity, Industry]>","<[-Infinity, Infinity, 33]>","<[2008.0, 2009.0, n/a); [2009.0, 2010.0, n/a); [2010.0, 2011.0, n/a]>","<[2008.0, 2009.0]; [2009.0, 2010.0]; [2010.0, 2011.0]>",
industry_8d31d9aa2193cbd93731d668fe8caadc,manufacturing,"<[-Infinity, Infinity, Industry]>","<[-Infinity, Infinity, 73]>","<[2003.0, 2004.0, n/a]; [2007.0, 2008.0, n/a); [2008.0, 2009.0, n/a); [2009.0, 2010.0, n/a); [2010.0, 2011.0, n/a]>","<[2003.0, 2004.0]; [2007.0, 2008.0]; [2008.0, 2009.0]; [2009.0, 2010.0]; [2010.0, 2011.0]>",
industry_62933a2951ef01f4eafd9bdf4d3cd2f0,media,"<[-Infinity, Infinity, Industry]>","<[-Infinity, Infinity, 24]>","<[2008.0, 2009.0, n/a); [2009.0, 2010.0, n/a); [2010.0, 2011.0, n/a]>","<[2008.0, 2009.0]; [2009.0, 2010.0]; [2010.0, 2011.0]>",
industry_3338b93611000c12bea41bcd7e9ad8c1,retail,"<[-Infinity, Infinity, Industry]>","<[-Infinity, Infinity, 55]>","<[2008.0, 2009.0, n/a); [2009.0, 2010.0, n/a); [2010.0, 2011.0, n/a); [2011.0, 2012.0, n/a]>","<[2008.0, 2009.0]; [2009.0, 2010.0]; [2010.0, 2011.0]; [2011.0, 2012.0]>",
industry_d9f9133fb120cd6096870bc2b496805b,tech,"<[-Infinity, Infinity, Industry]>","<[-Infinity, Infinity, 64]>","<[2002.0, 2003.0, n/a]; [2004.0, 2005.0, n/a); [2005.0, 2006.0, n/a); [2006.0, 2007.0, n/a); [2007.0, 2008.0, n/a); [2008.0, 2009.0, n/a); [2009.0, 2010.0, n/a); [2010.0, 2011.0, n/a); [2011.0, 2012.0, n/a]>","<[2002.0, 2003.0]; [2004.0, 2005.0]; [2005.0, 2006.0]; [2006.0, 2007.0]; [2007.0, 2008.0]; [2008.0, 2009.0]; [2009.0, 2010.0]; [2010.0, 2011.0]; [2011.0, 2012.0]>",
industry_69266c67e75c946ef9b4144b0554326d,travel,"<[-Infinity, Infinity, Industry]>","<[-Infinity, Infinity, 18]>","<[2006.0, 2007.0, n/a); [2007.0, 2008.0, n/a); [2008.0, 2009.0, n/a); [2009.0, 2010.0, n/a); [2010.0, 2011.0, n/a]>","<[2006.0, 2007.0]; [2007.0, 2008.0]; [2008.0, 2009.0]; [2009.0, 2010.0]; [2010.0, 2011.0]>",
