Source,Target,Type,Id,Label,Weight,Matchings Count,Time Interval
company_ac31b142cb6d1b3a5401c0eaa50884e0,industry_8d31d9aa2193cbd93731d668fe8caadc,Undirected,1,,1.0,"<[-Infinity, Infinity, 1]>","<[2009.0, 2010.0]>"
company_30c35cfe06bad14ad455c018cda9b561,industry_57336afd1f4b40dfd9f5731e35302fe5,Undirected,2,,1.0,"<[-Infinity, Infinity, 3]>","<[2009.0, 2010.0]; [2010.0, 2011.0]>"
company_30c35cfe06bad14ad455c018cda9b561,industry_8d31d9aa2193cbd93731d668fe8caadc,Undirected,3,,1.0,"<[-Infinity, Infinity, 3]>","<[2009.0, 2010.0]; [2010.0, 2011.0]>"
company_30c35cfe06bad14ad455c018cda9b561,industry_d9f9133fb120cd6096870bc2b496805b,Undirected,4,,1.0,"<[-Infinity, Infinity, 3]>","<[2009.0, 2010.0]; [2010.0, 2011.0]>"
company_0ef54a53ee3e0831f571604c6450f160,industry_555bf8344ca0caf09b42f55e185526d8,Undirected,5,,1.0,"<[-Infinity, Infinity, 2]>","<[2009.0, 2010.0]>"
company_9db7fee19267c4cb827134133a0aa279,industry_57336afd1f4b40dfd9f5731e35302fe5,Undirected,6,,1.0,"<[-Infinity, Infinity, 1]>","<[2009.0, 2010.0]>"
company_9faa6b81ec71807f0f721a30c0270af6,industry_57336afd1f4b40dfd9f5731e35302fe5,Undirected,7,,1.0,"<[-Infinity, Infinity, 1]>","<[2008.0, 2009.0]>"
company_7fb7615d5642998c6cb42ffac705b74f,industry_57336afd1f4b40dfd9f5731e35302fe5,Undirected,8,,1.0,"<[-Infinity, Infinity, 1]>","<[2009.0, 2010.0]>"
company_5839d299a90ed276d1a3252219cbaa46,industry_62933a2951ef01f4eafd9bdf4d3cd2f0,Undirected,9,,1.0,"<[-Infinity, Infinity, 1]>","<[2009.0, 2010.0]>"
company_0eced006312e6d800c4c1b120ab1559e,industry_57336afd1f4b40dfd9f5731e35302fe5,Undirected,10,,1.0,"<[-Infinity, Infinity, 1]>","<[2010.0, 2011.0]>"
company_0eced006312e6d800c4c1b120ab1559e,industry_69266c67e75c946ef9b4144b0554326d,Undirected,11,,1.0,"<[-Infinity, Infinity, 1]>","<[2010.0, 2011.0]>"
company_bc84f93b2685453ccb2a68dd5f305959,industry_57336afd1f4b40dfd9f5731e35302fe5,Undirected,12,,1.0,"<[-Infinity, Infinity, 1]>","<[2009.0, 2010.0]>"
company_bc84f93b2685453ccb2a68dd5f305959,industry_d9f9133fb120cd6096870bc2b496805b,Undirected,13,,1.0,"<[-Infinity, Infinity, 1]>","<[2009.0, 2010.0]>"
company_e96a479c49f59f0f9e66875d0d856ab6,industry_57336afd1f4b40dfd9f5731e35302fe5,Undirected,14,,1.0,"<[-Infinity, Infinity, 4]>","<[2009.0, 2010.0]; [2010.0, 2011.0]>"
company_e96a479c49f59f0f9e66875d0d856ab6,industry_d9f9133fb120cd6096870bc2b496805b,Undirected,15,,1.0,"<[-Infinity, Infinity, 4]>","<[2009.0, 2010.0]; [2010.0, 2011.0]>"
company_ace85d46a737e2d9cd7b1aec9046857f,industry_57336afd1f4b40dfd9f5731e35302fe5,Undirected,16,,1.0,"<[-Infinity, Infinity, 1]>","<[2010.0, 2011.0]>"
company_08b8fa182572a43e36d640f330eb72a2,industry_05e7d19a6d002118deef70d21ff4226e,Undirected,17,,1.0,"<[-Infinity, Infinity, 3]>","<[2010.0, 2011.0]>"
company_29986710f70c1937ad771480eb5e013b,industry_57336afd1f4b40dfd9f5731e35302fe5,Undirected,18,,1.0,"<[-Infinity, Infinity, 1]>","<[2010.0, 2011.0]>"
company_8cb8ea7756cd964b4b544a225db2e3f7,industry_57336afd1f4b40dfd9f5731e35302fe5,Undirected,19,,1.0,"<[-Infinity, Infinity, 1]>","<[2010.0, 2011.0]>"
company_70c19cfcacd242d63d015678442141c4,industry_57336afd1f4b40dfd9f5731e35302fe5,Undirected,20,,1.0,"<[-Infinity, Infinity, 1]>","<[2008.0, 2009.0]>"
company_70c19cfcacd242d63d015678442141c4,industry_62506be34d574da4a0d158a67253ea99,Undirected,21,,1.0,"<[-Infinity, Infinity, 1]>","<[2008.0, 2009.0]>"
company_239cdb881d55a19c6fbbc086f86e4bcc,industry_57336afd1f4b40dfd9f5731e35302fe5,Undirected,22,,1.0,"<[-Infinity, Infinity, 2]>","<[2009.0, 2010.0]>"
company_4d1454b369b731e0b7c3774f2fa462ec,industry_57336afd1f4b40dfd9f5731e35302fe5,Undirected,23,,1.0,"<[-Infinity, Infinity, 1]>","<[2010.0, 2011.0]>"
company_bcabd4a46942fa273ceba8f54f0d06b2,industry_57336afd1f4b40dfd9f5731e35302fe5,Undirected,24,,1.0,"<[-Infinity, Infinity, 4]>","<[2009.0, 2010.0]; [2010.0, 2011.0]>"
company_5607b8e8492a70474d5d350ec9f65743,industry_d9f9133fb120cd6096870bc2b496805b,Undirected,25,,1.0,"<[-Infinity, Infinity, 1]>","<[2009.0, 2010.0]>"
company_ba7dacdb8974f9e0cfb9acaed89422e9,industry_57336afd1f4b40dfd9f5731e35302fe5,Undirected,26,,1.0,"<[-Infinity, Infinity, 1]>","<[2010.0, 2011.0]>"
company_26a3a8da010671f89959981d425f6cae,industry_57336afd1f4b40dfd9f5731e35302fe5,Undirected,27,,1.0,"<[-Infinity, Infinity, 2]>","<[2009.0, 2010.0]; [2010.0, 2011.0]>"
company_c039506613a40d4c2c9f532975bc698c,industry_57336afd1f4b40dfd9f5731e35302fe5,Undirected,28,,1.0,"<[-Infinity, Infinity, 3]>","<[2009.0, 2010.0]>"
company_2d0d4809e6bdb6f4db3e547f27b1873c,industry_57336afd1f4b40dfd9f5731e35302fe5,Undirected,29,,1.0,"<[-Infinity, Infinity, 6]>","<[2009.0, 2010.0]; [2011.0, 2012.0]>"
company_2d0d4809e6bdb6f4db3e547f27b1873c,industry_3338b93611000c12bea41bcd7e9ad8c1,Undirected,30,,1.0,"<[-Infinity, Infinity, 6]>","<[2009.0, 2010.0]; [2011.0, 2012.0]>"
company_2d0d4809e6bdb6f4db3e547f27b1873c,industry_d9f9133fb120cd6096870bc2b496805b,Undirected,31,,1.0,"<[-Infinity, Infinity, 6]>","<[2009.0, 2010.0]; [2011.0, 2012.0]>"
company_3ee94704da30c31f9e6f834737d27efc,industry_57336afd1f4b40dfd9f5731e35302fe5,Undirected,32,,1.0,"<[-Infinity, Infinity, 1]>","<[2010.0, 2011.0]>"
company_46d6a2f97ca5d2111968eea25d77d3e3,industry_05e7d19a6d002118deef70d21ff4226e,Undirected,33,,1.0,"<[-Infinity, Infinity, 1]>","<[2009.0, 2010.0]>"
company_46d6a2f97ca5d2111968eea25d77d3e3,industry_57336afd1f4b40dfd9f5731e35302fe5,Undirected,34,,1.0,"<[-Infinity, Infinity, 1]>","<[2009.0, 2010.0]>"
company_46d6a2f97ca5d2111968eea25d77d3e3,industry_8d31d9aa2193cbd93731d668fe8caadc,Undirected,35,,1.0,"<[-Infinity, Infinity, 1]>","<[2009.0, 2010.0]>"
company_d8d7022d67739ccea7b7eaa705d3f711,industry_05e7d19a6d002118deef70d21ff4226e,Undirected,36,,1.0,"<[-Infinity, Infinity, 1]>","<[2009.0, 2010.0]>"
company_d8d7022d67739ccea7b7eaa705d3f711,industry_57336afd1f4b40dfd9f5731e35302fe5,Undirected,37,,1.0,"<[-Infinity, Infinity, 3]>","<[2009.0, 2010.0]; [2010.0, 2011.0]>"
company_d8d7022d67739ccea7b7eaa705d3f711,industry_69266c67e75c946ef9b4144b0554326d,Undirected,38,,1.0,"<[-Infinity, Infinity, 1]>","<[2009.0, 2010.0]>"
company_4c6f950cbac127465aee99074983e69b,industry_57336afd1f4b40dfd9f5731e35302fe5,Undirected,39,,1.0,"<[-Infinity, Infinity, 1]>","<[2010.0, 2011.0]>"
company_4c6f950cbac127465aee99074983e69b,industry_62506be34d574da4a0d158a67253ea99,Undirected,40,,1.0,"<[-Infinity, Infinity, 1]>","<[2010.0, 2011.0]>"
company_68f9f484eefe618063355d2f2e548c4e,industry_57336afd1f4b40dfd9f5731e35302fe5,Undirected,41,,1.0,"<[-Infinity, Infinity, 1]>","<[2009.0, 2010.0]>"
company_f5083628959c8b3fafa0a0943692f319,industry_57336afd1f4b40dfd9f5731e35302fe5,Undirected,42,,1.0,"<[-Infinity, Infinity, 1]>","<[2009.0, 2010.0]>"
company_c75ee59e999f2b391dac281407f597d3,industry_57336afd1f4b40dfd9f5731e35302fe5,Undirected,45,,1.0,"<[-Infinity, Infinity, 1]>","<[2007.0, 2008.0]>"
company_bca467494ef3bd61305fe93ac4a530d4,industry_57336afd1f4b40dfd9f5731e35302fe5,Undirected,43,,1.0,"<[-Infinity, Infinity, 2]>","<[2010.0, 2011.0]>"
company_bca467494ef3bd61305fe93ac4a530d4,industry_62933a2951ef01f4eafd9bdf4d3cd2f0,Undirected,44,,1.0,"<[-Infinity, Infinity, 2]>","<[2010.0, 2011.0]>"
company_46aad89aabd0fab06b22bf077e7546b7,industry_57336afd1f4b40dfd9f5731e35302fe5,Undirected,46,,1.0,"<[-Infinity, Infinity, 1]>","<[2008.0, 2009.0]>"
company_ea1c2e5edc234911a58aef37e73ab9ae,industry_57336afd1f4b40dfd9f5731e35302fe5,Undirected,47,,1.0,"<[-Infinity, Infinity, 1]>","<[2009.0, 2010.0]>"
company_25ae80795d9d3faa1845c725d02b6ace,industry_57336afd1f4b40dfd9f5731e35302fe5,Undirected,48,,1.0,"<[-Infinity, Infinity, 1]>","<[2010.0, 2011.0]>"
company_e396399910c2621cc54ef3c426bb3f3e,industry_57336afd1f4b40dfd9f5731e35302fe5,Undirected,49,,1.0,"<[-Infinity, Infinity, 1]>","<[2006.0, 2007.0]>"
company_117cb23bbc77af044cbcdf6358c60c52,industry_57336afd1f4b40dfd9f5731e35302fe5,Undirected,50,,1.0,"<[-Infinity, Infinity, 1]>","<[2010.0, 2011.0]>"
company_0f8dad9dcedcd454f7036fa9ac2287e5,industry_05e7d19a6d002118deef70d21ff4226e,Undirected,51,,1.0,"<[-Infinity, Infinity, 1]>","<[2008.0, 2009.0]>"
company_1e2f7adf3049821ad87e0b79d732297b,industry_57336afd1f4b40dfd9f5731e35302fe5,Undirected,52,,1.0,"<[-Infinity, Infinity, 1]>","<[2008.0, 2009.0]>"
company_1e2f7adf3049821ad87e0b79d732297b,industry_555bf8344ca0caf09b42f55e185526d8,Undirected,53,,1.0,"<[-Infinity, Infinity, 1]>","<[2008.0, 2009.0]>"
company_f4a687e5d1b3632d81a943fcb4ee05bd,industry_05e7d19a6d002118deef70d21ff4226e,Undirected,54,,1.0,"<[-Infinity, Infinity, 1]>","<[2010.0, 2011.0]>"
company_f4a687e5d1b3632d81a943fcb4ee05bd,industry_57336afd1f4b40dfd9f5731e35302fe5,Undirected,55,,1.0,"<[-Infinity, Infinity, 1]>","<[2010.0, 2011.0]>"
company_76a9ebdeb417aed48124a2c75b77301c,industry_57336afd1f4b40dfd9f5731e35302fe5,Undirected,58,,1.0,"<[-Infinity, Infinity, 3]>","<[2008.0, 2009.0]; [2009.0, 2010.0]>"
company_76a9ebdeb417aed48124a2c75b77301c,industry_62506be34d574da4a0d158a67253ea99,Undirected,59,,1.0,"<[-Infinity, Infinity, 3]>","<[2008.0, 2009.0]; [2009.0, 2010.0]>"
company_255caaf85d3a5a54e52e5a7ed23e5bf3,industry_57336afd1f4b40dfd9f5731e35302fe5,Undirected,56,,1.0,"<[-Infinity, Infinity, 2]>","<[2010.0, 2011.0]>"
company_255caaf85d3a5a54e52e5a7ed23e5bf3,industry_62506be34d574da4a0d158a67253ea99,Undirected,57,,1.0,"<[-Infinity, Infinity, 2]>","<[2010.0, 2011.0]>"
company_29dfb42ab1e3ee7712773cc5e17def62,industry_57336afd1f4b40dfd9f5731e35302fe5,Undirected,60,,1.0,"<[-Infinity, Infinity, 1]>","<[2009.0, 2010.0]>"
company_ead5fb8e9f42b3ddb4f545f596c6cf35,industry_57336afd1f4b40dfd9f5731e35302fe5,Undirected,61,,1.0,"<[-Infinity, Infinity, 1]>","<[2009.0, 2010.0]>"
company_ead5fb8e9f42b3ddb4f545f596c6cf35,industry_d9f9133fb120cd6096870bc2b496805b,Undirected,62,,1.0,"<[-Infinity, Infinity, 1]>","<[2009.0, 2010.0]>"
company_009064041b6f317b418291c4f683e497,industry_57336afd1f4b40dfd9f5731e35302fe5,Undirected,63,,1.0,"<[-Infinity, Infinity, 1]>","<[2007.0, 2008.0]>"
company_0f4e0b615e5885e43621ef640ce8fd0e,industry_57336afd1f4b40dfd9f5731e35302fe5,Undirected,64,,1.0,"<[-Infinity, Infinity, 4]>","<[2009.0, 2010.0]; [2010.0, 2011.0]>"
company_a416212a08b0fa60cd9ecbe4e94d4789,industry_8d31d9aa2193cbd93731d668fe8caadc,Undirected,65,,1.0,"<[-Infinity, Infinity, 1]>","<[2009.0, 2010.0]>"
company_6e81c21afe3826761f85976e3123de48,industry_57336afd1f4b40dfd9f5731e35302fe5,Undirected,66,,1.0,"<[-Infinity, Infinity, 1]>","<[2009.0, 2010.0]>"
company_ebb31f4889590d7d81625203277a3779,industry_57336afd1f4b40dfd9f5731e35302fe5,Undirected,67,,1.0,"<[-Infinity, Infinity, 1]>","<[2008.0, 2009.0]>"
company_1c3d80c9cfc08eb89eca51ce2f829ab9,industry_57336afd1f4b40dfd9f5731e35302fe5,Undirected,68,,1.0,"<[-Infinity, Infinity, 1]>","<[2009.0, 2010.0]>"
company_cee3bd739cb847eb92da0babf9a18383,industry_57336afd1f4b40dfd9f5731e35302fe5,Undirected,69,,1.0,"<[-Infinity, Infinity, 1]>","<[2010.0, 2011.0]>"
company_b0ab1093f454963366079d2804e62e59,industry_8d31d9aa2193cbd93731d668fe8caadc,Undirected,70,,1.0,"<[-Infinity, Infinity, 2]>","<[2009.0, 2010.0]>"
company_d7132a142c1979cf6f946483f4acc954,industry_57336afd1f4b40dfd9f5731e35302fe5,Undirected,71,,1.0,"<[-Infinity, Infinity, 1]>","<[2008.0, 2009.0]>"
company_6b09b7623db595c1b3ee921ca697971a,industry_57336afd1f4b40dfd9f5731e35302fe5,Undirected,72,,1.0,"<[-Infinity, Infinity, 1]>","<[2010.0, 2011.0]>"
company_0f14c063a20fe125560170f3281e5623,industry_57336afd1f4b40dfd9f5731e35302fe5,Undirected,73,,1.0,"<[-Infinity, Infinity, 1]>","<[2009.0, 2010.0]>"
company_188e5dcfedbe3b7dc363e1eeed3b1301,industry_57336afd1f4b40dfd9f5731e35302fe5,Undirected,74,,1.0,"<[-Infinity, Infinity, 1]>","<[2009.0, 2010.0]>"
company_347e273cf57169c3aaff2b9a2e6be5ee,industry_57336afd1f4b40dfd9f5731e35302fe5,Undirected,75,,1.0,"<[-Infinity, Infinity, 1]>","<[2008.0, 2009.0]>"
company_9319e7705038191c12b50cb3c3b20838,industry_57336afd1f4b40dfd9f5731e35302fe5,Undirected,76,,1.0,"<[-Infinity, Infinity, 2]>","<[2009.0, 2010.0]>"
company_9ccabcfb9d60d48172c1f2badb0476a1,industry_57336afd1f4b40dfd9f5731e35302fe5,Undirected,77,,1.0,"<[-Infinity, Infinity, 1]>","<[2009.0, 2010.0]>"
company_bc8d0c63ed5d3172e41d7c827fd99986,industry_57336afd1f4b40dfd9f5731e35302fe5,Undirected,78,,1.0,"<[-Infinity, Infinity, 1]>","<[2009.0, 2010.0]>"
company_9cc87aa0a5f3e909ec81bc7ea8753392,industry_57336afd1f4b40dfd9f5731e35302fe5,Undirected,79,,1.0,"<[-Infinity, Infinity, 2]>","<[2009.0, 2010.0]; [2010.0, 2011.0]>"
company_9cc87aa0a5f3e909ec81bc7ea8753392,industry_62933a2951ef01f4eafd9bdf4d3cd2f0,Undirected,80,,1.0,"<[-Infinity, Infinity, 1]>","<[2010.0, 2011.0]>"
company_a37fdc318a8da89678ae1ca68f23c78c,industry_57336afd1f4b40dfd9f5731e35302fe5,Undirected,81,,1.0,"<[-Infinity, Infinity, 1]>","<[2009.0, 2010.0]>"
company_52e77489109be19cc86b577c2b3fd9d5,industry_05e7d19a6d002118deef70d21ff4226e,Undirected,83,,1.0,"<[-Infinity, Infinity, 1]>","<[2009.0, 2010.0]>"
company_5b21d884274cb5d6cd0114dded1fe8e4,industry_05e7d19a6d002118deef70d21ff4226e,Undirected,82,,1.0,"<[-Infinity, Infinity, 1]>","<[2010.0, 2011.0]>"
company_b5eab5e315a5bb02406a0bd87c059f5b,industry_57336afd1f4b40dfd9f5731e35302fe5,Undirected,84,,1.0,"<[-Infinity, Infinity, 1]>","<[2008.0, 2009.0]>"
company_f2bdb420e932cb82c6a509218bef12f4,industry_57336afd1f4b40dfd9f5731e35302fe5,Undirected,85,,1.0,"<[-Infinity, Infinity, 1]>","<[2009.0, 2010.0]>"
company_49eb4e73a3bc8702c47769c9e478469d,industry_8d31d9aa2193cbd93731d668fe8caadc,Undirected,86,,1.0,"<[-Infinity, Infinity, 1]>","<[2003.0, 2004.0]>"
company_c495e54e8cfce011debe496dad5084a4,industry_57336afd1f4b40dfd9f5731e35302fe5,Undirected,87,,1.0,"<[-Infinity, Infinity, 2]>","<[2009.0, 2010.0]; [2010.0, 2011.0]>"
company_c495e54e8cfce011debe496dad5084a4,industry_62506be34d574da4a0d158a67253ea99,Undirected,88,,1.0,"<[-Infinity, Infinity, 1]>","<[2009.0, 2010.0]>"
company_3760f13cc10c4d1e7ec6c7b9a9294118,industry_57336afd1f4b40dfd9f5731e35302fe5,Undirected,92,,1.0,"<[-Infinity, Infinity, 2]>","<[2008.0, 2009.0]; [2010.0, 2011.0]>"
company_7ee0d0de7d2d842268fd743de0ab7a25,industry_57336afd1f4b40dfd9f5731e35302fe5,Undirected,89,,1.0,"<[-Infinity, Infinity, 1]>","<[2010.0, 2011.0]>"
company_a537d992bda94261107c6630966f084b,industry_57336afd1f4b40dfd9f5731e35302fe5,Undirected,90,,1.0,"<[-Infinity, Infinity, 1]>","<[2009.0, 2010.0]>"
company_b4e0c6de83572d9280491857eff7ad04,industry_57336afd1f4b40dfd9f5731e35302fe5,Undirected,91,,1.0,"<[-Infinity, Infinity, 1]>","<[2009.0, 2010.0]>"
company_55e98239be168d51d5f720b06fd82a3d,industry_57336afd1f4b40dfd9f5731e35302fe5,Undirected,93,,1.0,"<[-Infinity, Infinity, 1]>","<[2009.0, 2010.0]>"
company_244fdc61e257d5595acc1f32ed82a789,industry_62506be34d574da4a0d158a67253ea99,Undirected,94,,1.0,"<[-Infinity, Infinity, 1]>","<[2010.0, 2011.0]>"
company_244fdc61e257d5595acc1f32ed82a789,industry_8d31d9aa2193cbd93731d668fe8caadc,Undirected,95,,1.0,"<[-Infinity, Infinity, 1]>","<[2010.0, 2011.0]>"
company_244fdc61e257d5595acc1f32ed82a789,industry_3338b93611000c12bea41bcd7e9ad8c1,Undirected,96,,1.0,"<[-Infinity, Infinity, 1]>","<[2010.0, 2011.0]>"
company_a5671a0316e45d18eb4fae274da1a8d8,industry_57336afd1f4b40dfd9f5731e35302fe5,Undirected,97,,1.0,"<[-Infinity, Infinity, 1]>","<[2009.0, 2010.0]>"
company_15d37413f2ad01cadaf88ebec6c894be,industry_57336afd1f4b40dfd9f5731e35302fe5,Undirected,98,,1.0,"<[-Infinity, Infinity, 1]>","<[2009.0, 2010.0]>"
company_6d326f08c4d596b910741e0065fa565b,industry_3338b93611000c12bea41bcd7e9ad8c1,Undirected,99,,1.0,"<[-Infinity, Infinity, 1]>","<[2009.0, 2010.0]>"
company_a02d59ec7c739b76084d7b53f7e8d82e,industry_57336afd1f4b40dfd9f5731e35302fe5,Undirected,100,,1.0,"<[-Infinity, Infinity, 2]>","<[2009.0, 2010.0]>"
company_5da09da84e998d8e8af6eb31417ecf26,industry_62506be34d574da4a0d158a67253ea99,Undirected,101,,1.0,"<[-Infinity, Infinity, 1]>","<[2008.0, 2009.0]>"
company_5da09da84e998d8e8af6eb31417ecf26,industry_8d31d9aa2193cbd93731d668fe8caadc,Undirected,102,,1.0,"<[-Infinity, Infinity, 1]>","<[2008.0, 2009.0]>"
company_c5330e5b9bac7542c533c887ef771e9c,industry_3338b93611000c12bea41bcd7e9ad8c1,Undirected,103,,1.0,"<[-Infinity, Infinity, 1]>","<[2010.0, 2011.0]>"
company_75fbf852d716dd7509b3fc96c70c783f,industry_57336afd1f4b40dfd9f5731e35302fe5,Undirected,104,,1.0,"<[-Infinity, Infinity, 1]>","<[2010.0, 2011.0]>"
company_94f7f122bba8214624b371d39b6b3e8c,industry_57336afd1f4b40dfd9f5731e35302fe5,Undirected,105,,1.0,"<[-Infinity, Infinity, 4]>","<[2009.0, 2010.0]; [2010.0, 2011.0]>"
company_bdd34b716b84f7e34ee047c3bc4c435c,industry_57336afd1f4b40dfd9f5731e35302fe5,Undirected,106,,1.0,"<[-Infinity, Infinity, 1]>","<[2009.0, 2010.0]>"
company_92b37c5d9b8e0ee92d1e2ab7c600ed6f,industry_57336afd1f4b40dfd9f5731e35302fe5,Undirected,107,,1.0,"<[-Infinity, Infinity, 1]>","<[2010.0, 2011.0]>"
company_9fcf0546d78ba1663b65a4e3f4eb71ab,industry_57336afd1f4b40dfd9f5731e35302fe5,Undirected,108,,1.0,"<[-Infinity, Infinity, 2]>","<[2008.0, 2009.0]; [2009.0, 2010.0]>"
company_2c17d4a35e809c1d3116df4e1323b5c6,industry_555bf8344ca0caf09b42f55e185526d8,Undirected,109,,1.0,"<[-Infinity, Infinity, 1]>","<[2008.0, 2009.0]>"
company_051934b88aeedbd9cd39aa1536701e7e,industry_57336afd1f4b40dfd9f5731e35302fe5,Undirected,110,,1.0,"<[-Infinity, Infinity, 1]>","<[2006.0, 2007.0]>"
company_fdb35ee5eba133b8d3e9776e1f85fcd5,industry_57336afd1f4b40dfd9f5731e35302fe5,Undirected,111,,1.0,"<[-Infinity, Infinity, 1]>","<[2009.0, 2010.0]>"
company_fdb35ee5eba133b8d3e9776e1f85fcd5,industry_62506be34d574da4a0d158a67253ea99,Undirected,112,,1.0,"<[-Infinity, Infinity, 1]>","<[2009.0, 2010.0]>"
company_fdb35ee5eba133b8d3e9776e1f85fcd5,industry_69266c67e75c946ef9b4144b0554326d,Undirected,113,,1.0,"<[-Infinity, Infinity, 1]>","<[2009.0, 2010.0]>"
company_ffcfeb0e463740d3f54668b86b078623,industry_57336afd1f4b40dfd9f5731e35302fe5,Undirected,114,,1.0,"<[-Infinity, Infinity, 1]>","<[2010.0, 2011.0]>"
company_9895f48195f9c0e13542260afc822a51,industry_05e7d19a6d002118deef70d21ff4226e,Undirected,115,,1.0,"<[-Infinity, Infinity, 1]>","<[2008.0, 2009.0]>"
company_0503a9dd0d4aac511b5fe489d47add09,industry_05e7d19a6d002118deef70d21ff4226e,Undirected,116,,1.0,"<[-Infinity, Infinity, 1]>","<[2010.0, 2011.0]>"
company_bfdb7e5846d1d1ebfacb27e293143d4f,industry_8d31d9aa2193cbd93731d668fe8caadc,Undirected,117,,1.0,"<[-Infinity, Infinity, 1]>","<[2009.0, 2010.0]>"
company_9393d0d4c92a35139cd6750b228b1970,industry_57336afd1f4b40dfd9f5731e35302fe5,Undirected,118,,1.0,"<[-Infinity, Infinity, 1]>","<[2009.0, 2010.0]>"
company_8ea3ca083f5028a2076bbbf3589dcc76,industry_57336afd1f4b40dfd9f5731e35302fe5,Undirected,119,,1.0,"<[-Infinity, Infinity, 1]>","<[2009.0, 2010.0]>"
company_82fd3ab4e67f6e846dfe1da2432f436b,industry_8d31d9aa2193cbd93731d668fe8caadc,Undirected,120,,1.0,"<[-Infinity, Infinity, 1]>","<[2008.0, 2009.0]>"
company_3d5a987847027e3ab547449d08c135b1,industry_8d31d9aa2193cbd93731d668fe8caadc,Undirected,121,,1.0,"<[-Infinity, Infinity, 1]>","<[2009.0, 2010.0]>"
company_fa1b9565613dedc6ab01cff94689d9fe,industry_62506be34d574da4a0d158a67253ea99,Undirected,122,,1.0,"<[-Infinity, Infinity, 1]>","<[2009.0, 2010.0]>"
company_fe7b19ecaa7eb877a4ba168f2e4ce745,industry_57336afd1f4b40dfd9f5731e35302fe5,Undirected,123,,1.0,"<[-Infinity, Infinity, 2]>","<[2008.0, 2009.0]; [2010.0, 2011.0]>"
company_f931b13aead002d7fcdb02f84e0f794f,industry_3338b93611000c12bea41bcd7e9ad8c1,Undirected,124,,1.0,"<[-Infinity, Infinity, 1]>","<[2010.0, 2011.0]>"
company_745cd824e7437640bfe5f43d1dded67d,industry_62506be34d574da4a0d158a67253ea99,Undirected,125,,1.0,"<[-Infinity, Infinity, 1]>","<[2009.0, 2010.0]>"
company_0f57ffa32c32f82a3d106503da564fb5,industry_57336afd1f4b40dfd9f5731e35302fe5,Undirected,126,,1.0,"<[-Infinity, Infinity, 1]>","<[2006.0, 2007.0]>"
company_0f57ffa32c32f82a3d106503da564fb5,industry_69266c67e75c946ef9b4144b0554326d,Undirected,127,,1.0,"<[-Infinity, Infinity, 1]>","<[2006.0, 2007.0]>"
company_8ec85e7f22470f05a81a75031226fd3f,industry_57336afd1f4b40dfd9f5731e35302fe5,Undirected,128,,1.0,"<[-Infinity, Infinity, 1]>","<[2009.0, 2010.0]>"
company_53a1703ea67d440b2e72ccad065de571,industry_57336afd1f4b40dfd9f5731e35302fe5,Undirected,129,,1.0,"<[-Infinity, Infinity, 1]>","<[2009.0, 2010.0]>"
company_53a1703ea67d440b2e72ccad065de571,industry_62506be34d574da4a0d158a67253ea99,Undirected,130,,1.0,"<[-Infinity, Infinity, 1]>","<[2009.0, 2010.0]>"
company_8e890b812ce56c0769738cd9559f60c3,industry_57336afd1f4b40dfd9f5731e35302fe5,Undirected,131,,1.0,"<[-Infinity, Infinity, 4]>","<[2008.0, 2009.0]; [2009.0, 2010.0]; [2010.0, 2011.0]>"
company_eb2faca7688355959b862d109becd9ff,industry_555bf8344ca0caf09b42f55e185526d8,Undirected,132,,1.0,"<[-Infinity, Infinity, 5]>","<[2009.0, 2010.0]; [2010.0, 2011.0]>"
company_eb2faca7688355959b862d109becd9ff,industry_8d31d9aa2193cbd93731d668fe8caadc,Undirected,133,,1.0,"<[-Infinity, Infinity, 5]>","<[2009.0, 2010.0]; [2010.0, 2011.0]>"
company_e3a362cdebb2032d7c69898073ea2107,industry_57336afd1f4b40dfd9f5731e35302fe5,Undirected,134,,1.0,"<[-Infinity, Infinity, 2]>","<[2009.0, 2010.0]; [2010.0, 2011.0]>"
company_2f85c7fefaabaa9ac468b52b73284dfe,industry_57336afd1f4b40dfd9f5731e35302fe5,Undirected,135,,1.0,"<[-Infinity, Infinity, 1]>","<[2008.0, 2009.0]>"
company_0ce2ec71523ebba94272e65ab030ac9c,industry_57336afd1f4b40dfd9f5731e35302fe5,Undirected,136,,1.0,"<[-Infinity, Infinity, 1]>","<[2009.0, 2010.0]>"
company_822030db812b473a7907541d429e5df6,industry_57336afd1f4b40dfd9f5731e35302fe5,Undirected,137,,1.0,"<[-Infinity, Infinity, 1]>","<[2009.0, 2010.0]>"
company_822030db812b473a7907541d429e5df6,industry_d9f9133fb120cd6096870bc2b496805b,Undirected,138,,1.0,"<[-Infinity, Infinity, 1]>","<[2009.0, 2010.0]>"
company_7a5f1bc8ff9347989a32373f9c8fc874,industry_05e7d19a6d002118deef70d21ff4226e,Undirected,139,,1.0,"<[-Infinity, Infinity, 2]>","<[2008.0, 2009.0]; [2010.0, 2011.0]>"
company_7a5f1bc8ff9347989a32373f9c8fc874,industry_57336afd1f4b40dfd9f5731e35302fe5,Undirected,140,,1.0,"<[-Infinity, Infinity, 2]>","<[2008.0, 2009.0]; [2010.0, 2011.0]>"
company_1279412441674831061dd94b103df531,industry_57336afd1f4b40dfd9f5731e35302fe5,Undirected,141,,1.0,"<[-Infinity, Infinity, 1]>","<[2009.0, 2010.0]>"
company_9663615af19a7193668fd8a2a1bb4f1c,industry_62506be34d574da4a0d158a67253ea99,Undirected,142,,1.0,"<[-Infinity, Infinity, 1]>","<[2010.0, 2011.0]>"
company_eacbeb5d8792a4ae148401c7c13ba638,industry_57336afd1f4b40dfd9f5731e35302fe5,Undirected,143,,1.0,"<[-Infinity, Infinity, 1]>","<[2009.0, 2010.0]>"
company_c335fe4fc450498bb10fa3ce22ab8df4,industry_57336afd1f4b40dfd9f5731e35302fe5,Undirected,144,,1.0,"<[-Infinity, Infinity, 1]>","<[2010.0, 2011.0]>"
company_a4be83f14cebb2806634f96faff3a2a4,industry_57336afd1f4b40dfd9f5731e35302fe5,Undirected,145,,1.0,"<[-Infinity, Infinity, 1]>","<[2009.0, 2010.0]>"
company_404ad0535c1d76f800d902fc9f1e7f62,industry_57336afd1f4b40dfd9f5731e35302fe5,Undirected,146,,1.0,"<[-Infinity, Infinity, 1]>","<[2009.0, 2010.0]>"
company_c8b211a80b0dcacf53147117e78d0993,industry_57336afd1f4b40dfd9f5731e35302fe5,Undirected,147,,1.0,"<[-Infinity, Infinity, 1]>","<[2009.0, 2010.0]>"
company_a6052a0b5ea55c15325e2b9a039e622b,industry_57336afd1f4b40dfd9f5731e35302fe5,Undirected,148,,1.0,"<[-Infinity, Infinity, 1]>","<[2009.0, 2010.0]>"
company_a6052a0b5ea55c15325e2b9a039e622b,industry_3338b93611000c12bea41bcd7e9ad8c1,Undirected,149,,1.0,"<[-Infinity, Infinity, 1]>","<[2009.0, 2010.0]>"
company_41b283759bf042ee7473a76203c1b9b9,industry_57336afd1f4b40dfd9f5731e35302fe5,Undirected,150,,1.0,"<[-Infinity, Infinity, 1]>","<[2009.0, 2010.0]>"
company_85c3ad0214c24c046aa529b21845c756,industry_57336afd1f4b40dfd9f5731e35302fe5,Undirected,151,,1.0,"<[-Infinity, Infinity, 1]>","<[2008.0, 2009.0]>"
company_f71e3278397891289431ba7c016d9bc5,industry_57336afd1f4b40dfd9f5731e35302fe5,Undirected,154,,1.0,"<[-Infinity, Infinity, 4]>","<[2006.0, 2007.0]; [2008.0, 2009.0]; [2009.0, 2010.0]>"
company_5a9d33b2cebf10b0cda3a57ef7c58f54,industry_57336afd1f4b40dfd9f5731e35302fe5,Undirected,152,,1.0,"<[-Infinity, Infinity, 2]>","<[2009.0, 2010.0]>"
company_979327b9988eb17128441298cd2b263d,industry_57336afd1f4b40dfd9f5731e35302fe5,Undirected,153,,1.0,"<[-Infinity, Infinity, 1]>","<[2007.0, 2008.0]>"
company_b30ad6756084d3a8c2a63656978ed166,industry_57336afd1f4b40dfd9f5731e35302fe5,Undirected,155,,1.0,"<[-Infinity, Infinity, 1]>","<[2009.0, 2010.0]>"
company_23e274497d26bdc4d3664e8542bf16e9,industry_57336afd1f4b40dfd9f5731e35302fe5,Undirected,156,,1.0,"<[-Infinity, Infinity, 2]>","<[2010.0, 2011.0]>"
company_23e274497d26bdc4d3664e8542bf16e9,industry_d9f9133fb120cd6096870bc2b496805b,Undirected,157,,1.0,"<[-Infinity, Infinity, 2]>","<[2010.0, 2011.0]>"
company_36a8b779f8869c92c740248e5eb0365e,industry_57336afd1f4b40dfd9f5731e35302fe5,Undirected,158,,1.0,"<[-Infinity, Infinity, 1]>","<[2008.0, 2009.0]>"
company_afb5b5e637056767a633f49e71a79873,industry_57336afd1f4b40dfd9f5731e35302fe5,Undirected,159,,1.0,"<[-Infinity, Infinity, 1]>","<[2009.0, 2010.0]>"
company_c78798e72b766e576d2867bd46567001,industry_3338b93611000c12bea41bcd7e9ad8c1,Undirected,160,,1.0,"<[-Infinity, Infinity, 1]>","<[2009.0, 2010.0]>"
company_d29bf4eb2c8b7ad69a7074d878759f99,industry_d9f9133fb120cd6096870bc2b496805b,Undirected,161,,1.0,"<[-Infinity, Infinity, 1]>","<[2008.0, 2009.0]>"
company_8d072649f12c06135a40d484a7f73c29,industry_57336afd1f4b40dfd9f5731e35302fe5,Undirected,162,,1.0,"<[-Infinity, Infinity, 1]>","<[2008.0, 2009.0]>"
company_8d072649f12c06135a40d484a7f73c29,industry_62506be34d574da4a0d158a67253ea99,Undirected,163,,1.0,"<[-Infinity, Infinity, 1]>","<[2008.0, 2009.0]>"
company_79da88294e88162a0eabb34ac6cba25a,industry_57336afd1f4b40dfd9f5731e35302fe5,Undirected,164,,1.0,"<[-Infinity, Infinity, 1]>","<[2009.0, 2010.0]>"
company_79da88294e88162a0eabb34ac6cba25a,industry_3338b93611000c12bea41bcd7e9ad8c1,Undirected,165,,1.0,"<[-Infinity, Infinity, 1]>","<[2009.0, 2010.0]>"
company_f28425618dd6a232d6f4ae9c3dd0036e,industry_57336afd1f4b40dfd9f5731e35302fe5,Undirected,166,,1.0,"<[-Infinity, Infinity, 1]>","<[2009.0, 2010.0]>"
company_aed8417979014e8797fd076832fe2791,industry_05e7d19a6d002118deef70d21ff4226e,Undirected,167,,1.0,"<[-Infinity, Infinity, 3]>","<[2009.0, 2010.0]>"
company_5d801282d504a17b782b8c567e9ce971,industry_05e7d19a6d002118deef70d21ff4226e,Undirected,169,,1.0,"<[-Infinity, Infinity, 2]>","<[2008.0, 2009.0]; [2009.0, 2010.0]>"
company_5d801282d504a17b782b8c567e9ce971,industry_57336afd1f4b40dfd9f5731e35302fe5,Undirected,170,,1.0,"<[-Infinity, Infinity, 5]>","<[2008.0, 2009.0]; [2009.0, 2010.0]>"
company_5d801282d504a17b782b8c567e9ce971,industry_555bf8344ca0caf09b42f55e185526d8,Undirected,171,,1.0,"<[-Infinity, Infinity, 1]>","<[2009.0, 2010.0]>"
company_6d564df4511a00981e32b1dbebf5a23a,industry_57336afd1f4b40dfd9f5731e35302fe5,Undirected,168,,1.0,"<[-Infinity, Infinity, 1]>","<[2009.0, 2010.0]>"
company_46a4f4362722366b1773937a45413ab6,industry_57336afd1f4b40dfd9f5731e35302fe5,Undirected,172,,1.0,"<[-Infinity, Infinity, 1]>","<[2008.0, 2009.0]>"
company_a211694a99c6ea0b3e85a4d20c8db066,industry_57336afd1f4b40dfd9f5731e35302fe5,Undirected,173,,1.0,"<[-Infinity, Infinity, 1]>","<[2009.0, 2010.0]>"
company_be30329f07620f292ffd2e289aba7b06,industry_57336afd1f4b40dfd9f5731e35302fe5,Undirected,174,,1.0,"<[-Infinity, Infinity, 2]>","<[2009.0, 2010.0]; [2010.0, 2011.0]>"
company_3fba25d3646145623243a515cde12309,industry_57336afd1f4b40dfd9f5731e35302fe5,Undirected,175,,1.0,"<[-Infinity, Infinity, 1]>","<[2010.0, 2011.0]>"
company_3fba25d3646145623243a515cde12309,industry_69266c67e75c946ef9b4144b0554326d,Undirected,176,,1.0,"<[-Infinity, Infinity, 1]>","<[2010.0, 2011.0]>"
company_5ce5ee130da225be09ae4653bc1390b1,industry_555bf8344ca0caf09b42f55e185526d8,Undirected,177,,1.0,"<[-Infinity, Infinity, 1]>","<[2009.0, 2010.0]>"
company_2a94f29f57720537e5a09ae668aebc67,industry_05e7d19a6d002118deef70d21ff4226e,Undirected,178,,1.0,"<[-Infinity, Infinity, 1]>","<[2009.0, 2010.0]>"
company_d574c75b5c1f258e5c5501353147a74b,industry_05e7d19a6d002118deef70d21ff4226e,Undirected,179,,1.0,"<[-Infinity, Infinity, 1]>","<[2009.0, 2010.0]>"
company_d574c75b5c1f258e5c5501353147a74b,industry_57336afd1f4b40dfd9f5731e35302fe5,Undirected,180,,1.0,"<[-Infinity, Infinity, 1]>","<[2009.0, 2010.0]>"
company_9f3f39fa2f79195e0610e4d8c44f2414,industry_57336afd1f4b40dfd9f5731e35302fe5,Undirected,181,,1.0,"<[-Infinity, Infinity, 3]>","<[2009.0, 2010.0]>"
company_c579cc140bb0662afcea6056e1fdc80f,industry_05e7d19a6d002118deef70d21ff4226e,Undirected,182,,1.0,"<[-Infinity, Infinity, 1]>","<[2009.0, 2010.0]>"
company_c579cc140bb0662afcea6056e1fdc80f,industry_57336afd1f4b40dfd9f5731e35302fe5,Undirected,183,,1.0,"<[-Infinity, Infinity, 1]>","<[2009.0, 2010.0]>"
company_d1c793c4f71a651c7ff42adf04a6dfc5,industry_57336afd1f4b40dfd9f5731e35302fe5,Undirected,185,,1.0,"<[-Infinity, Infinity, 1]>","<[2008.0, 2009.0]>"
company_a1913acb5daad2b3443137e4e77fdd05,industry_57336afd1f4b40dfd9f5731e35302fe5,Undirected,184,,1.0,"<[-Infinity, Infinity, 3]>","<[2003.0, 2004.0]; [2004.0, 2005.0]; [2009.0, 2010.0]>"
company_0b4102c69526e0a078051596e282e648,industry_3338b93611000c12bea41bcd7e9ad8c1,Undirected,186,,1.0,"<[-Infinity, Infinity, 1]>","<[2010.0, 2011.0]>"
company_c3be8340f70a6df39918e873bbf7ff1d,industry_57336afd1f4b40dfd9f5731e35302fe5,Undirected,187,,1.0,"<[-Infinity, Infinity, 1]>","<[2009.0, 2010.0]>"
company_a428660ae793f1d80951cb6e855335ba,industry_57336afd1f4b40dfd9f5731e35302fe5,Undirected,188,,1.0,"<[-Infinity, Infinity, 1]>","<[2009.0, 2010.0]>"
company_1d57e12403ab643622a519e822a97e9f,industry_57336afd1f4b40dfd9f5731e35302fe5,Undirected,189,,1.0,"<[-Infinity, Infinity, 2]>","<[2009.0, 2010.0]; [2010.0, 2011.0]>"
company_ec51abfe6ffb59b40804bf760e14aaac,industry_8d31d9aa2193cbd93731d668fe8caadc,Undirected,190,,1.0,"<[-Infinity, Infinity, 1]>","<[2010.0, 2011.0]>"
company_ec51abfe6ffb59b40804bf760e14aaac,industry_d9f9133fb120cd6096870bc2b496805b,Undirected,191,,1.0,"<[-Infinity, Infinity, 1]>","<[2010.0, 2011.0]>"
company_6d322f052568e979b7040fed84bb9fc4,industry_57336afd1f4b40dfd9f5731e35302fe5,Undirected,192,,1.0,"<[-Infinity, Infinity, 1]>","<[2009.0, 2010.0]>"
company_d0f9cf7c70f5a53aac3f04c37b7756e3,industry_05e7d19a6d002118deef70d21ff4226e,Undirected,193,,1.0,"<[-Infinity, Infinity, 1]>","<[2009.0, 2010.0]>"
company_d0f9cf7c70f5a53aac3f04c37b7756e3,industry_57336afd1f4b40dfd9f5731e35302fe5,Undirected,194,,1.0,"<[-Infinity, Infinity, 1]>","<[2009.0, 2010.0]>"
company_4ef2928443d977db4b88ee5199b2d6a1,industry_8d31d9aa2193cbd93731d668fe8caadc,Undirected,195,,1.0,"<[-Infinity, Infinity, 1]>","<[2010.0, 2011.0]>"
company_114ad31ac075d8bd46cd7617857df432,industry_57336afd1f4b40dfd9f5731e35302fe5,Undirected,196,,1.0,"<[-Infinity, Infinity, 2]>","<[2009.0, 2010.0]>"
company_980e36f76ea065d31e8bfc3e48bd7ed1,industry_57336afd1f4b40dfd9f5731e35302fe5,Undirected,197,,1.0,"<[-Infinity, Infinity, 1]>","<[2007.0, 2008.0]>"
company_51ac30e74cd05215efa0d6b5ee8073f3,industry_57336afd1f4b40dfd9f5731e35302fe5,Undirected,198,,1.0,"<[-Infinity, Infinity, 2]>","<[2009.0, 2010.0]; [2010.0, 2011.0]>"
company_abd3ece973c816864df61637f2cec7d4,industry_62506be34d574da4a0d158a67253ea99,Undirected,199,,1.0,"<[-Infinity, Infinity, 1]>","<[2009.0, 2010.0]>"
company_584f08a4dd232be2a16aeedb934ed6e4,industry_05e7d19a6d002118deef70d21ff4226e,Undirected,200,,1.0,"<[-Infinity, Infinity, 1]>","<[2009.0, 2010.0]>"
company_02b886408fd38618eadeffcaa1781e93,industry_57336afd1f4b40dfd9f5731e35302fe5,Undirected,201,,1.0,"<[-Infinity, Infinity, 2]>","<[2009.0, 2010.0]>"
company_b4dc67e7fbfa4a53cb9b6e7e77d81c13,industry_d9f9133fb120cd6096870bc2b496805b,Undirected,202,,1.0,"<[-Infinity, Infinity, 1]>","<[2010.0, 2011.0]>"
company_bbbc8234660dd242704d020992874a61,industry_8d31d9aa2193cbd93731d668fe8caadc,Undirected,203,,1.0,"<[-Infinity, Infinity, 1]>","<[2009.0, 2010.0]>"
company_2d1f2a558b9c3d6b2ce351d13db627e1,industry_62506be34d574da4a0d158a67253ea99,Undirected,204,,1.0,"<[-Infinity, Infinity, 1]>","<[2009.0, 2010.0]>"
company_e92f513385b3736fe488ab4c301463fb,industry_62506be34d574da4a0d158a67253ea99,Undirected,205,,1.0,"<[-Infinity, Infinity, 1]>","<[2010.0, 2011.0]>"
company_d539549bd448aa80e811089b5eff1acb,industry_555bf8344ca0caf09b42f55e185526d8,Undirected,206,,1.0,"<[-Infinity, Infinity, 2]>","<[2008.0, 2009.0]; [2009.0, 2010.0]>"
company_0c8f9fb5d5e8fc1de7b70bd8c9aead96,industry_05e7d19a6d002118deef70d21ff4226e,Undirected,207,,1.0,"<[-Infinity, Infinity, 2]>","<[2010.0, 2011.0]>"
company_0c8f9fb5d5e8fc1de7b70bd8c9aead96,industry_57336afd1f4b40dfd9f5731e35302fe5,Undirected,208,,1.0,"<[-Infinity, Infinity, 2]>","<[2010.0, 2011.0]>"
company_a2c6ea1cc5fade24eda5f667b49b4a94,industry_57336afd1f4b40dfd9f5731e35302fe5,Undirected,209,,1.0,"<[-Infinity, Infinity, 1]>","<[2009.0, 2010.0]>"
company_a2c6ea1cc5fade24eda5f667b49b4a94,industry_d9f9133fb120cd6096870bc2b496805b,Undirected,210,,1.0,"<[-Infinity, Infinity, 1]>","<[2009.0, 2010.0]>"
company_81fe9befb2337897d41e0202edf53ff7,industry_57336afd1f4b40dfd9f5731e35302fe5,Undirected,211,,1.0,"<[-Infinity, Infinity, 1]>","<[2010.0, 2011.0]>"
company_81fe9befb2337897d41e0202edf53ff7,industry_d9f9133fb120cd6096870bc2b496805b,Undirected,212,,1.0,"<[-Infinity, Infinity, 1]>","<[2010.0, 2011.0]>"
company_223568bd2820f639cce6c1ccdf65a0cf,industry_57336afd1f4b40dfd9f5731e35302fe5,Undirected,213,,1.0,"<[-Infinity, Infinity, 1]>","<[2010.0, 2011.0]>"
company_ddcf2b987a4ac81a8ea43e6e0d78084b,industry_57336afd1f4b40dfd9f5731e35302fe5,Undirected,214,,1.0,"<[-Infinity, Infinity, 2]>","<[2009.0, 2010.0]>"
company_8642b97c973d0533b2a30ffec2fc6bff,industry_05e7d19a6d002118deef70d21ff4226e,Undirected,215,,1.0,"<[-Infinity, Infinity, 1]>","<[2009.0, 2010.0]>"
company_9ffb4d3ceb927b286c39b60f51b0714b,industry_62506be34d574da4a0d158a67253ea99,Undirected,216,,1.0,"<[-Infinity, Infinity, 1]>","<[2009.0, 2010.0]>"
company_9ffb4d3ceb927b286c39b60f51b0714b,industry_3338b93611000c12bea41bcd7e9ad8c1,Undirected,217,,1.0,"<[-Infinity, Infinity, 1]>","<[2009.0, 2010.0]>"
company_78f9a3d3c002cbb21de4443b7d76dc8e,industry_57336afd1f4b40dfd9f5731e35302fe5,Undirected,218,,1.0,"<[-Infinity, Infinity, 1]>","<[2009.0, 2010.0]>"
company_78f9a3d3c002cbb21de4443b7d76dc8e,industry_69266c67e75c946ef9b4144b0554326d,Undirected,219,,1.0,"<[-Infinity, Infinity, 1]>","<[2009.0, 2010.0]>"
company_746a730d096fee331a4949bec752f6e8,industry_57336afd1f4b40dfd9f5731e35302fe5,Undirected,220,,1.0,"<[-Infinity, Infinity, 2]>","<[2009.0, 2010.0]; [2010.0, 2011.0]>"
company_74fb2d69633b8fd404bf47784be3b90f,industry_57336afd1f4b40dfd9f5731e35302fe5,Undirected,221,,1.0,"<[-Infinity, Infinity, 3]>","<[2009.0, 2010.0]; [2010.0, 2011.0]>"
company_74fb2d69633b8fd404bf47784be3b90f,industry_69266c67e75c946ef9b4144b0554326d,Undirected,222,,1.0,"<[-Infinity, Infinity, 1]>","<[2010.0, 2011.0]>"
company_ad9aa0f4b44da337774a7b9ce4e9bac2,industry_57336afd1f4b40dfd9f5731e35302fe5,Undirected,223,,1.0,"<[-Infinity, Infinity, 1]>","<[2009.0, 2010.0]>"
company_ad9aa0f4b44da337774a7b9ce4e9bac2,industry_d9f9133fb120cd6096870bc2b496805b,Undirected,224,,1.0,"<[-Infinity, Infinity, 1]>","<[2009.0, 2010.0]>"
company_c510edc113224a9f211459041a4fb125,industry_57336afd1f4b40dfd9f5731e35302fe5,Undirected,225,,1.0,"<[-Infinity, Infinity, 1]>","<[2008.0, 2009.0]>"
company_6f709754ddf13b0f6d775013a3369637,industry_57336afd1f4b40dfd9f5731e35302fe5,Undirected,226,,1.0,"<[-Infinity, Infinity, 1]>","<[2010.0, 2011.0]>"
company_bd2079aae1837d28b1431a093b290cb4,industry_555bf8344ca0caf09b42f55e185526d8,Undirected,227,,1.0,"<[-Infinity, Infinity, 1]>","<[2010.0, 2011.0]>"
company_0dfb5e07a60754c7d9c294abc91d5395,industry_62506be34d574da4a0d158a67253ea99,Undirected,228,,1.0,"<[-Infinity, Infinity, 1]>","<[2010.0, 2011.0]>"
company_3ca021a2ad4f8c5cce11b61ea04b43a4,industry_57336afd1f4b40dfd9f5731e35302fe5,Undirected,229,,1.0,"<[-Infinity, Infinity, 1]>","<[2009.0, 2010.0]>"
company_53d65d2ed80fd8f5cc27c25fd1978227,industry_57336afd1f4b40dfd9f5731e35302fe5,Undirected,230,,1.0,"<[-Infinity, Infinity, 1]>","<[2009.0, 2010.0]>"
company_53d65d2ed80fd8f5cc27c25fd1978227,industry_8d31d9aa2193cbd93731d668fe8caadc,Undirected,231,,1.0,"<[-Infinity, Infinity, 1]>","<[2009.0, 2010.0]>"
company_8a57478fa79be7236015ebf4fe6f982e,industry_57336afd1f4b40dfd9f5731e35302fe5,Undirected,232,,1.0,"<[-Infinity, Infinity, 1]>","<[2010.0, 2011.0]>"
company_a9d611ccdc2154d5ee5b499b2942079d,industry_57336afd1f4b40dfd9f5731e35302fe5,Undirected,233,,1.0,"<[-Infinity, Infinity, 2]>","<[2009.0, 2010.0]>"
company_a9d611ccdc2154d5ee5b499b2942079d,industry_3338b93611000c12bea41bcd7e9ad8c1,Undirected,234,,1.0,"<[-Infinity, Infinity, 1]>","<[2009.0, 2010.0]>"
company_d4538518f9dbaec4079c66663015c179,industry_57336afd1f4b40dfd9f5731e35302fe5,Undirected,235,,1.0,"<[-Infinity, Infinity, 5]>","<[2009.0, 2010.0]; [2010.0, 2011.0]>"
company_08a1abf002b2a662a0a273a131a48d59,industry_57336afd1f4b40dfd9f5731e35302fe5,Undirected,236,,1.0,"<[-Infinity, Infinity, 1]>","<[2010.0, 2011.0]>"
company_08a1abf002b2a662a0a273a131a48d59,industry_69266c67e75c946ef9b4144b0554326d,Undirected,237,,1.0,"<[-Infinity, Infinity, 1]>","<[2010.0, 2011.0]>"
company_bb7025baef6a2fdda0f7e7436d367a73,industry_57336afd1f4b40dfd9f5731e35302fe5,Undirected,238,,1.0,"<[-Infinity, Infinity, 1]>","<[2009.0, 2010.0]>"
company_b6a6737ef0ccfbf6d4d1afddc7829b33,industry_05e7d19a6d002118deef70d21ff4226e,Undirected,239,,1.0,"<[-Infinity, Infinity, 1]>","<[2009.0, 2010.0]>"
company_b6a6737ef0ccfbf6d4d1afddc7829b33,industry_57336afd1f4b40dfd9f5731e35302fe5,Undirected,240,,1.0,"<[-Infinity, Infinity, 1]>","<[2009.0, 2010.0]>"
company_ce6dde3415181ab997be93c19ab5c588,industry_8d31d9aa2193cbd93731d668fe8caadc,Undirected,241,,1.0,"<[-Infinity, Infinity, 1]>","<[2009.0, 2010.0]>"
company_ce6dde3415181ab997be93c19ab5c588,industry_3338b93611000c12bea41bcd7e9ad8c1,Undirected,242,,1.0,"<[-Infinity, Infinity, 1]>","<[2009.0, 2010.0]>"
company_aa4e041e88b21a14a704e71c83c8de5a,industry_05e7d19a6d002118deef70d21ff4226e,Undirected,243,,1.0,"<[-Infinity, Infinity, 1]>","<[2009.0, 2010.0]>"
company_aa4e041e88b21a14a704e71c83c8de5a,industry_57336afd1f4b40dfd9f5731e35302fe5,Undirected,244,,1.0,"<[-Infinity, Infinity, 3]>","<[2009.0, 2010.0]; [2010.0, 2011.0]>"
company_aa4e041e88b21a14a704e71c83c8de5a,industry_d9f9133fb120cd6096870bc2b496805b,Undirected,245,,1.0,"<[-Infinity, Infinity, 1]>","<[2010.0, 2011.0]>"
company_aa4e041e88b21a14a704e71c83c8de5a,industry_69266c67e75c946ef9b4144b0554326d,Undirected,246,,1.0,"<[-Infinity, Infinity, 1]>","<[2010.0, 2011.0]>"
company_6a4b3a521c2ea57bc1365fb95a153179,industry_05e7d19a6d002118deef70d21ff4226e,Undirected,247,,1.0,"<[-Infinity, Infinity, 1]>","<[2003.0, 2004.0]>"
company_6a4b3a521c2ea57bc1365fb95a153179,industry_57336afd1f4b40dfd9f5731e35302fe5,Undirected,248,,1.0,"<[-Infinity, Infinity, 13]>","<[2002.0, 2003.0]; [2003.0, 2004.0]; [2004.0, 2005.0]; [2005.0, 2006.0]; [2007.0, 2008.0]; [2008.0, 2009.0]; [2009.0, 2010.0]>"
company_6a4b3a521c2ea57bc1365fb95a153179,industry_d9f9133fb120cd6096870bc2b496805b,Undirected,249,,1.0,"<[-Infinity, Infinity, 9]>","<[2002.0, 2003.0]; [2004.0, 2005.0]; [2005.0, 2006.0]; [2007.0, 2008.0]; [2009.0, 2010.0]>"
company_16c8b1e01a4604ba7c15644ea2d02351,industry_57336afd1f4b40dfd9f5731e35302fe5,Undirected,250,,1.0,"<[-Infinity, Infinity, 1]>","<[2008.0, 2009.0]>"
company_0ebc580ae6450fce8762fad1bff32e7b,industry_57336afd1f4b40dfd9f5731e35302fe5,Undirected,251,,1.0,"<[-Infinity, Infinity, 1]>","<[2008.0, 2009.0]>"
company_bde7685ed52b12df161f99edc7a0ca20,industry_57336afd1f4b40dfd9f5731e35302fe5,Undirected,252,,1.0,"<[-Infinity, Infinity, 2]>","<[2009.0, 2010.0]; [2010.0, 2011.0]>"
company_661db7ddae5e97a08122ff69e9fbf750,industry_57336afd1f4b40dfd9f5731e35302fe5,Undirected,253,,1.0,"<[-Infinity, Infinity, 1]>","<[2010.0, 2011.0]>"
company_68b81c4bdac743ab6dcf472607caeca4,industry_57336afd1f4b40dfd9f5731e35302fe5,Undirected,254,,1.0,"<[-Infinity, Infinity, 1]>","<[2009.0, 2010.0]>"
company_500f4fa4873faa1348b7bdaba7862a8d,industry_57336afd1f4b40dfd9f5731e35302fe5,Undirected,257,,1.0,"<[-Infinity, Infinity, 1]>","<[2009.0, 2010.0]>"
company_2cb0c5bdfeac5bd4978effa9730592e8,industry_57336afd1f4b40dfd9f5731e35302fe5,Undirected,255,,1.0,"<[-Infinity, Infinity, 1]>","<[2009.0, 2010.0]>"
company_2cb0c5bdfeac5bd4978effa9730592e8,industry_3338b93611000c12bea41bcd7e9ad8c1,Undirected,256,,1.0,"<[-Infinity, Infinity, 1]>","<[2009.0, 2010.0]>"
company_fe1164dcc2e55b6b92995e4fc3b353c6,industry_3338b93611000c12bea41bcd7e9ad8c1,Undirected,258,,1.0,"<[-Infinity, Infinity, 9]>","<[2009.0, 2010.0]; [2010.0, 2011.0]; [2011.0, 2012.0]>"
company_834c6a70f85c4617c2344df59a5d85f0,industry_57336afd1f4b40dfd9f5731e35302fe5,Undirected,259,,1.0,"<[-Infinity, Infinity, 1]>","<[2010.0, 2011.0]>"
company_834c6a70f85c4617c2344df59a5d85f0,industry_555bf8344ca0caf09b42f55e185526d8,Undirected,260,,1.0,"<[-Infinity, Infinity, 1]>","<[2010.0, 2011.0]>"
company_bcdcd84a53a314b75ed216cc9d74448f,industry_d9f9133fb120cd6096870bc2b496805b,Undirected,261,,1.0,"<[-Infinity, Infinity, 1]>","<[2009.0, 2010.0]>"
company_c63a8d5e5a59782d8fe6f9042510c1f2,industry_d9f9133fb120cd6096870bc2b496805b,Undirected,262,,1.0,"<[-Infinity, Infinity, 1]>","<[2010.0, 2011.0]>"
company_94a4f023065f67d336adebff5e7ce43c,industry_62506be34d574da4a0d158a67253ea99,Undirected,263,,1.0,"<[-Infinity, Infinity, 1]>","<[2009.0, 2010.0]>"
company_94a4f023065f67d336adebff5e7ce43c,industry_8d31d9aa2193cbd93731d668fe8caadc,Undirected,264,,1.0,"<[-Infinity, Infinity, 1]>","<[2009.0, 2010.0]>"
company_8a8941ba25e81eee893f1b4b0dfb0f24,industry_62933a2951ef01f4eafd9bdf4d3cd2f0,Undirected,265,,1.0,"<[-Infinity, Infinity, 1]>","<[2009.0, 2010.0]>"
company_b5cc2247d802c405ef11eb648e91c24a,industry_57336afd1f4b40dfd9f5731e35302fe5,Undirected,266,,1.0,"<[-Infinity, Infinity, 1]>","<[2010.0, 2011.0]>"
company_15c97687494e999e2d1f998a54c087bd,industry_57336afd1f4b40dfd9f5731e35302fe5,Undirected,267,,1.0,"<[-Infinity, Infinity, 2]>","<[2008.0, 2009.0]; [2010.0, 2011.0]>"
company_15c97687494e999e2d1f998a54c087bd,industry_62506be34d574da4a0d158a67253ea99,Undirected,268,,1.0,"<[-Infinity, Infinity, 2]>","<[2008.0, 2009.0]; [2010.0, 2011.0]>"
company_7e7c8914a99d5427d0b8fda8a45477d0,industry_57336afd1f4b40dfd9f5731e35302fe5,Undirected,269,,1.0,"<[-Infinity, Infinity, 1]>","<[2010.0, 2011.0]>"
company_88a7c929e17900f6f2c6369325533526,industry_d9f9133fb120cd6096870bc2b496805b,Undirected,270,,1.0,"<[-Infinity, Infinity, 1]>","<[2011.0, 2012.0]>"
company_50991cc95aec0535df8bc43555587fd6,industry_57336afd1f4b40dfd9f5731e35302fe5,Undirected,271,,1.0,"<[-Infinity, Infinity, 1]>","<[2010.0, 2011.0]>"
company_35c4c212dce31d3ec5266491eb1c322b,industry_57336afd1f4b40dfd9f5731e35302fe5,Undirected,272,,1.0,"<[-Infinity, Infinity, 1]>","<[2010.0, 2011.0]>"
company_35c4c212dce31d3ec5266491eb1c322b,industry_d9f9133fb120cd6096870bc2b496805b,Undirected,273,,1.0,"<[-Infinity, Infinity, 1]>","<[2010.0, 2011.0]>"
company_3ab59779dd7e00a8c355f8c0482da0b8,industry_57336afd1f4b40dfd9f5731e35302fe5,Undirected,274,,1.0,"<[-Infinity, Infinity, 1]>","<[2009.0, 2010.0]>"
company_d52e55d11213a43d6f7f73d130f52a8b,industry_57336afd1f4b40dfd9f5731e35302fe5,Undirected,275,,1.0,"<[-Infinity, Infinity, 3]>","<[2008.0, 2009.0]; [2009.0, 2010.0]>"
company_c687e5e40f6322d81c7e914c05a0af6e,industry_57336afd1f4b40dfd9f5731e35302fe5,Undirected,276,,1.0,"<[-Infinity, Infinity, 1]>","<[2009.0, 2010.0]>"
company_5303811fda092431c7510dc59c24f669,industry_57336afd1f4b40dfd9f5731e35302fe5,Undirected,277,,1.0,"<[-Infinity, Infinity, 2]>","<[2009.0, 2010.0]; [2010.0, 2011.0]>"
company_296df1540870d1046cc25b392814596c,industry_57336afd1f4b40dfd9f5731e35302fe5,Undirected,278,,1.0,"<[-Infinity, Infinity, 1]>","<[2009.0, 2010.0]>"
company_0a3c74904e17b5108f9938b0178565c5,industry_57336afd1f4b40dfd9f5731e35302fe5,Undirected,279,,1.0,"<[-Infinity, Infinity, 1]>","<[2009.0, 2010.0]>"
company_f2afe6c70e3d7d222c4f5ea3287c9c5f,industry_57336afd1f4b40dfd9f5731e35302fe5,Undirected,280,,1.0,"<[-Infinity, Infinity, 1]>","<[2009.0, 2010.0]>"
company_f5ba95ae58c4d9ba5a88926009b7245f,industry_57336afd1f4b40dfd9f5731e35302fe5,Undirected,281,,1.0,"<[-Infinity, Infinity, 1]>","<[2010.0, 2011.0]>"
company_07e0c619993c8546ff448010a40be359,industry_05e7d19a6d002118deef70d21ff4226e,Undirected,282,,1.0,"<[-Infinity, Infinity, 1]>","<[2009.0, 2010.0]>"
company_07e0c619993c8546ff448010a40be359,industry_57336afd1f4b40dfd9f5731e35302fe5,Undirected,283,,1.0,"<[-Infinity, Infinity, 1]>","<[2009.0, 2010.0]>"
company_07e0c619993c8546ff448010a40be359,industry_8d31d9aa2193cbd93731d668fe8caadc,Undirected,284,,1.0,"<[-Infinity, Infinity, 1]>","<[2009.0, 2010.0]>"
company_2fd46b9b93a14dcea86b44b3a839ae81,industry_8d31d9aa2193cbd93731d668fe8caadc,Undirected,285,,1.0,"<[-Infinity, Infinity, 1]>","<[2009.0, 2010.0]>"
company_2fd46b9b93a14dcea86b44b3a839ae81,industry_3338b93611000c12bea41bcd7e9ad8c1,Undirected,286,,1.0,"<[-Infinity, Infinity, 1]>","<[2009.0, 2010.0]>"
company_478ba3f8c0aabddcabb2360a939e138a,industry_57336afd1f4b40dfd9f5731e35302fe5,Undirected,287,,1.0,"<[-Infinity, Infinity, 2]>","<[2009.0, 2010.0]>"
company_5da9f30949bfdcd7c6b19a2bf4c21a4c,industry_57336afd1f4b40dfd9f5731e35302fe5,Undirected,288,,1.0,"<[-Infinity, Infinity, 2]>","<[2009.0, 2010.0]>"
company_145aeea98f72809b5ad97814809fcec8,industry_57336afd1f4b40dfd9f5731e35302fe5,Undirected,289,,1.0,"<[-Infinity, Infinity, 1]>","<[2009.0, 2010.0]>"
company_5d8ac20e9f4aeb2aad7f26e580c30b25,industry_57336afd1f4b40dfd9f5731e35302fe5,Undirected,290,,1.0,"<[-Infinity, Infinity, 1]>","<[2008.0, 2009.0]>"
company_7e5a3535457e439bfe3cf5c04c6015ad,industry_57336afd1f4b40dfd9f5731e35302fe5,Undirected,291,,1.0,"<[-Infinity, Infinity, 2]>","<[2009.0, 2010.0]; [2010.0, 2011.0]>"
company_7e5a3535457e439bfe3cf5c04c6015ad,industry_3338b93611000c12bea41bcd7e9ad8c1,Undirected,292,,1.0,"<[-Infinity, Infinity, 1]>","<[2009.0, 2010.0]>"
company_7e5a3535457e439bfe3cf5c04c6015ad,industry_69266c67e75c946ef9b4144b0554326d,Undirected,293,,1.0,"<[-Infinity, Infinity, 1]>","<[2009.0, 2010.0]>"
company_40f63fbdf7131904c84a70a6f53a4830,industry_05e7d19a6d002118deef70d21ff4226e,Undirected,294,,1.0,"<[-Infinity, Infinity, 5]>","<[2009.0, 2010.0]; [2010.0, 2011.0]>"
company_40f63fbdf7131904c84a70a6f53a4830,industry_8d31d9aa2193cbd93731d668fe8caadc,Undirected,295,,1.0,"<[-Infinity, Infinity, 5]>","<[2009.0, 2010.0]; [2010.0, 2011.0]>"
company_951ac22202b9365c61578d50a53f7bd7,industry_3338b93611000c12bea41bcd7e9ad8c1,Undirected,296,,1.0,"<[-Infinity, Infinity, 2]>","<[2009.0, 2010.0]; [2010.0, 2011.0]>"
company_60f139d56b099b4bdab13c5e18bd8291,industry_57336afd1f4b40dfd9f5731e35302fe5,Undirected,297,,1.0,"<[-Infinity, Infinity, 2]>","<[2003.0, 2004.0]; [2009.0, 2010.0]>"
company_b1a351a41ec7fbe521a1d73f4a21ab8c,industry_57336afd1f4b40dfd9f5731e35302fe5,Undirected,298,,1.0,"<[-Infinity, Infinity, 2]>","<[2008.0, 2009.0]; [2009.0, 2010.0]>"
company_b1a351a41ec7fbe521a1d73f4a21ab8c,industry_62506be34d574da4a0d158a67253ea99,Undirected,299,,1.0,"<[-Infinity, Infinity, 2]>","<[2008.0, 2009.0]; [2009.0, 2010.0]>"
company_38f1706725a4b22bc354f595eceb0a64,industry_57336afd1f4b40dfd9f5731e35302fe5,Undirected,300,,1.0,"<[-Infinity, Infinity, 1]>","<[2009.0, 2010.0]>"
company_e31ba889abc72ce2feb87a79723e952b,industry_57336afd1f4b40dfd9f5731e35302fe5,Undirected,301,,1.0,"<[-Infinity, Infinity, 1]>","<[2010.0, 2011.0]>"
company_6affd2106d15903d7245e4ef0616792a,industry_57336afd1f4b40dfd9f5731e35302fe5,Undirected,302,,1.0,"<[-Infinity, Infinity, 1]>","<[2009.0, 2010.0]>"
company_7a948c5878c06e51ab8aed8fffcd59ff,industry_8d31d9aa2193cbd93731d668fe8caadc,Undirected,303,,1.0,"<[-Infinity, Infinity, 1]>","<[2009.0, 2010.0]>"
company_f444a70a7aceb558726ffab0434e1f0b,industry_62506be34d574da4a0d158a67253ea99,Undirected,304,,1.0,"<[-Infinity, Infinity, 1]>","<[2010.0, 2011.0]>"
company_f444a70a7aceb558726ffab0434e1f0b,industry_3338b93611000c12bea41bcd7e9ad8c1,Undirected,305,,1.0,"<[-Infinity, Infinity, 1]>","<[2010.0, 2011.0]>"
company_4b02cc8695448ee5653d5e80049a697f,industry_57336afd1f4b40dfd9f5731e35302fe5,Undirected,306,,1.0,"<[-Infinity, Infinity, 7]>","<[2008.0, 2009.0]; [2009.0, 2010.0]>"
company_ec13a07f0796c518973a56032cd63018,industry_8d31d9aa2193cbd93731d668fe8caadc,Undirected,307,,1.0,"<[-Infinity, Infinity, 1]>","<[2008.0, 2009.0]>"
company_367749404d7fbad17d587ef3f5fe2f2c,industry_3338b93611000c12bea41bcd7e9ad8c1,Undirected,308,,1.0,"<[-Infinity, Infinity, 1]>","<[2008.0, 2009.0]>"
company_edadb62f7b9acc3fc957adf650c6851e,industry_57336afd1f4b40dfd9f5731e35302fe5,Undirected,309,,1.0,"<[-Infinity, Infinity, 1]>","<[2010.0, 2011.0]>"
company_edadb62f7b9acc3fc957adf650c6851e,industry_62933a2951ef01f4eafd9bdf4d3cd2f0,Undirected,310,,1.0,"<[-Infinity, Infinity, 1]>","<[2010.0, 2011.0]>"
company_6dbac66df52e9916387691c051488758,industry_57336afd1f4b40dfd9f5731e35302fe5,Undirected,311,,1.0,"<[-Infinity, Infinity, 2]>","<[2002.0, 2003.0]; [2009.0, 2010.0]>"
company_c4f44751bb7543b0bcadd1d143d03d36,industry_57336afd1f4b40dfd9f5731e35302fe5,Undirected,313,,1.0,"<[-Infinity, Infinity, 1]>","<[2007.0, 2008.0]>"
company_933dcda64b0f446a8b2a410c642cc8d6,industry_57336afd1f4b40dfd9f5731e35302fe5,Undirected,312,,1.0,"<[-Infinity, Infinity, 2]>","<[2008.0, 2009.0]>"
company_99a708696b819ed500a4fee1f9391ba9,industry_8d31d9aa2193cbd93731d668fe8caadc,Undirected,314,,1.0,"<[-Infinity, Infinity, 1]>","<[2010.0, 2011.0]>"
company_ea16e20830c2e5a17c7f0ad5e1b7ac14,industry_57336afd1f4b40dfd9f5731e35302fe5,Undirected,315,,1.0,"<[-Infinity, Infinity, 2]>","<[2010.0, 2011.0]>"
company_a64ebd090d93a17c6c3a83e219962aee,industry_555bf8344ca0caf09b42f55e185526d8,Undirected,316,,1.0,"<[-Infinity, Infinity, 1]>","<[2009.0, 2010.0]>"
company_f4cd78b4e5e18d0cb82c5c0b42063f13,industry_05e7d19a6d002118deef70d21ff4226e,Undirected,317,,1.0,"<[-Infinity, Infinity, 2]>","<[2006.0, 2007.0]; [2009.0, 2010.0]>"
company_f4cd78b4e5e18d0cb82c5c0b42063f13,industry_57336afd1f4b40dfd9f5731e35302fe5,Undirected,318,,1.0,"<[-Infinity, Infinity, 4]>","<[2006.0, 2007.0]; [2007.0, 2008.0]; [2009.0, 2010.0]>"
company_f4cd78b4e5e18d0cb82c5c0b42063f13,industry_d9f9133fb120cd6096870bc2b496805b,Undirected,319,,1.0,"<[-Infinity, Infinity, 1]>","<[2006.0, 2007.0]>"
company_f4cd78b4e5e18d0cb82c5c0b42063f13,industry_69266c67e75c946ef9b4144b0554326d,Undirected,320,,1.0,"<[-Infinity, Infinity, 1]>","<[2007.0, 2008.0]>"
company_2d9f8dd51ab1c04080cb603930e7fc16,industry_57336afd1f4b40dfd9f5731e35302fe5,Undirected,321,,1.0,"<[-Infinity, Infinity, 1]>","<[2010.0, 2011.0]>"
company_693b426bab26a8c611886270398e3cb2,industry_555bf8344ca0caf09b42f55e185526d8,Undirected,322,,1.0,"<[-Infinity, Infinity, 1]>","<[2010.0, 2011.0]>"
company_70687197feb05f36c1b060294c0da85b,industry_57336afd1f4b40dfd9f5731e35302fe5,Undirected,323,,1.0,"<[-Infinity, Infinity, 1]>","<[2009.0, 2010.0]>"
company_d1fb9d2b6ebc8d1b29a941b94beb7ed5,industry_8d31d9aa2193cbd93731d668fe8caadc,Undirected,324,,1.0,"<[-Infinity, Infinity, 2]>","<[2009.0, 2010.0]; [2010.0, 2011.0]>"
company_88844eef58ceaa228508907fc0df73d5,industry_57336afd1f4b40dfd9f5731e35302fe5,Undirected,325,,1.0,"<[-Infinity, Infinity, 1]>","<[2010.0, 2011.0]>"
company_dbdeb226652224f48511784f987a27ee,industry_57336afd1f4b40dfd9f5731e35302fe5,Undirected,326,,1.0,"<[-Infinity, Infinity, 1]>","<[2009.0, 2010.0]>"
company_01d7d38c290de20b28b7c91f4ba39c20,industry_8d31d9aa2193cbd93731d668fe8caadc,Undirected,327,,1.0,"<[-Infinity, Infinity, 1]>","<[2007.0, 2008.0]>"
company_99ed4aa9412057ab81211fdb19a389cf,industry_05e7d19a6d002118deef70d21ff4226e,Undirected,328,,1.0,"<[-Infinity, Infinity, 1]>","<[2010.0, 2011.0]>"
company_99ed4aa9412057ab81211fdb19a389cf,industry_57336afd1f4b40dfd9f5731e35302fe5,Undirected,329,,1.0,"<[-Infinity, Infinity, 4]>","<[2009.0, 2010.0]; [2010.0, 2011.0]>"
company_99ed4aa9412057ab81211fdb19a389cf,industry_555bf8344ca0caf09b42f55e185526d8,Undirected,330,,1.0,"<[-Infinity, Infinity, 1]>","<[2010.0, 2011.0]>"
company_99ed4aa9412057ab81211fdb19a389cf,industry_3338b93611000c12bea41bcd7e9ad8c1,Undirected,331,,1.0,"<[-Infinity, Infinity, 2]>","<[2009.0, 2010.0]; [2010.0, 2011.0]>"
company_f4db017ad8ee727fa40f9c23fe33fe60,industry_8d31d9aa2193cbd93731d668fe8caadc,Undirected,332,,1.0,"<[-Infinity, Infinity, 1]>","<[2010.0, 2011.0]>"
company_b2635c21b09ed10866006fe64245d9b2,industry_62933a2951ef01f4eafd9bdf4d3cd2f0,Undirected,333,,1.0,"<[-Infinity, Infinity, 3]>","<[2009.0, 2010.0]>"
company_d56abe9621abc3d45ad952d5c1122b4f,industry_57336afd1f4b40dfd9f5731e35302fe5,Undirected,334,,1.0,"<[-Infinity, Infinity, 1]>","<[2010.0, 2011.0]>"
company_b6611288ded95548f266bc52d1f0b6f9,industry_8d31d9aa2193cbd93731d668fe8caadc,Undirected,335,,1.0,"<[-Infinity, Infinity, 1]>","<[2010.0, 2011.0]>"
company_b6611288ded95548f266bc52d1f0b6f9,industry_3338b93611000c12bea41bcd7e9ad8c1,Undirected,336,,1.0,"<[-Infinity, Infinity, 1]>","<[2010.0, 2011.0]>"
company_5a28203d837e26e1e5d1c9460d5ec72e,industry_57336afd1f4b40dfd9f5731e35302fe5,Undirected,337,,1.0,"<[-Infinity, Infinity, 1]>","<[2009.0, 2010.0]>"
company_2cc7003f06485d46a2efdd6b58b8a9c1,industry_57336afd1f4b40dfd9f5731e35302fe5,Undirected,338,,1.0,"<[-Infinity, Infinity, 1]>","<[2010.0, 2011.0]>"
company_175cb482258746648cfba7ab2d257ed1,industry_57336afd1f4b40dfd9f5731e35302fe5,Undirected,339,,1.0,"<[-Infinity, Infinity, 1]>","<[2010.0, 2011.0]>"
company_53b5775c9fc80b70caab0396646941af,industry_05e7d19a6d002118deef70d21ff4226e,Undirected,340,,1.0,"<[-Infinity, Infinity, 1]>","<[2008.0, 2009.0]>"
company_53b5775c9fc80b70caab0396646941af,industry_57336afd1f4b40dfd9f5731e35302fe5,Undirected,341,,1.0,"<[-Infinity, Infinity, 1]>","<[2008.0, 2009.0]>"
company_a444c32c3e51d77e629c6677d242449e,industry_57336afd1f4b40dfd9f5731e35302fe5,Undirected,342,,1.0,"<[-Infinity, Infinity, 4]>","<[2009.0, 2010.0]; [2010.0, 2011.0]>"
company_a444c32c3e51d77e629c6677d242449e,industry_555bf8344ca0caf09b42f55e185526d8,Undirected,343,,1.0,"<[-Infinity, Infinity, 1]>","<[2010.0, 2011.0]>"
company_0bc207445dca30c3be46b5a829aa96fb,industry_8d31d9aa2193cbd93731d668fe8caadc,Undirected,344,,1.0,"<[-Infinity, Infinity, 1]>","<[2008.0, 2009.0]>"
company_ea4fafa51e8c10f24b9881d701f2b2d2,industry_57336afd1f4b40dfd9f5731e35302fe5,Undirected,345,,1.0,"<[-Infinity, Infinity, 1]>","<[2010.0, 2011.0]>"
company_7b2e60ec6fdf3affea2877464f4d8ccf,industry_57336afd1f4b40dfd9f5731e35302fe5,Undirected,346,,1.0,"<[-Infinity, Infinity, 4]>","<[2009.0, 2010.0]; [2010.0, 2011.0]>"
company_7b2e60ec6fdf3affea2877464f4d8ccf,industry_555bf8344ca0caf09b42f55e185526d8,Undirected,347,,1.0,"<[-Infinity, Infinity, 2]>","<[2009.0, 2010.0]; [2010.0, 2011.0]>"
company_55a11264773f960e384ca5ebcd1a2d63,industry_57336afd1f4b40dfd9f5731e35302fe5,Undirected,348,,1.0,"<[-Infinity, Infinity, 1]>","<[2009.0, 2010.0]>"
company_55a11264773f960e384ca5ebcd1a2d63,industry_8d31d9aa2193cbd93731d668fe8caadc,Undirected,349,,1.0,"<[-Infinity, Infinity, 1]>","<[2009.0, 2010.0]>"
company_99f6c465cbe93a79d8f3ade0c36552ca,industry_62506be34d574da4a0d158a67253ea99,Undirected,350,,1.0,"<[-Infinity, Infinity, 1]>","<[2010.0, 2011.0]>"
company_461024699a7cb4f5f1f04f97b706af21,industry_57336afd1f4b40dfd9f5731e35302fe5,Undirected,351,,1.0,"<[-Infinity, Infinity, 2]>","<[2009.0, 2010.0]>"
company_461024699a7cb4f5f1f04f97b706af21,industry_d9f9133fb120cd6096870bc2b496805b,Undirected,352,,1.0,"<[-Infinity, Infinity, 1]>","<[2009.0, 2010.0]>"
company_0015bd742d974c1b436e8f11e0e75791,industry_57336afd1f4b40dfd9f5731e35302fe5,Undirected,353,,1.0,"<[-Infinity, Infinity, 1]>","<[2009.0, 2010.0]>"
company_5b4c47d53b6508d384c9143ad29cf783,industry_57336afd1f4b40dfd9f5731e35302fe5,Undirected,354,,1.0,"<[-Infinity, Infinity, 1]>","<[2009.0, 2010.0]>"
company_e0d961ee24794444b13be5b760f821d2,industry_05e7d19a6d002118deef70d21ff4226e,Undirected,355,,1.0,"<[-Infinity, Infinity, 1]>","<[2002.0, 2003.0]>"
company_94ff2d78578d95d1e8d3a2233c76188d,industry_8d31d9aa2193cbd93731d668fe8caadc,Undirected,356,,1.0,"<[-Infinity, Infinity, 7]>","<[2008.0, 2009.0]; [2009.0, 2010.0]; [2010.0, 2011.0]>"
company_94ff2d78578d95d1e8d3a2233c76188d,industry_3338b93611000c12bea41bcd7e9ad8c1,Undirected,357,,1.0,"<[-Infinity, Infinity, 7]>","<[2008.0, 2009.0]; [2009.0, 2010.0]; [2010.0, 2011.0]>"
company_683ea7d03d312f83c1e4fc2bcd00549a,industry_05e7d19a6d002118deef70d21ff4226e,Undirected,358,,1.0,"<[-Infinity, Infinity, 1]>","<[2010.0, 2011.0]>"
company_a69e500afd6dbc0f51067c6485cdb324,industry_57336afd1f4b40dfd9f5731e35302fe5,Undirected,359,,1.0,"<[-Infinity, Infinity, 1]>","<[2010.0, 2011.0]>"
company_a69e500afd6dbc0f51067c6485cdb324,industry_62933a2951ef01f4eafd9bdf4d3cd2f0,Undirected,360,,1.0,"<[-Infinity, Infinity, 1]>","<[2010.0, 2011.0]>"
company_a01442cf197dce4306fc7547ca7fada7,industry_57336afd1f4b40dfd9f5731e35302fe5,Undirected,362,,1.0,"<[-Infinity, Infinity, 1]>","<[2010.0, 2011.0]>"
company_1ac0b79ec98c4ed74a85735db0947da0,industry_57336afd1f4b40dfd9f5731e35302fe5,Undirected,361,,1.0,"<[-Infinity, Infinity, 2]>","<[2009.0, 2010.0]>"
company_1ebf77b8f47e13c34c1fb0ce18663294,industry_57336afd1f4b40dfd9f5731e35302fe5,Undirected,363,,1.0,"<[-Infinity, Infinity, 1]>","<[2009.0, 2010.0]>"
company_763d3291afd0e5b33bd4be0c91f16ee9,industry_57336afd1f4b40dfd9f5731e35302fe5,Undirected,364,,1.0,"<[-Infinity, Infinity, 1]>","<[2009.0, 2010.0]>"
company_1cb0a694aa3ed582f4f774c3388c569d,industry_57336afd1f4b40dfd9f5731e35302fe5,Undirected,365,,1.0,"<[-Infinity, Infinity, 5]>","<[2008.0, 2009.0]; [2009.0, 2010.0]; [2010.0, 2011.0]>"
company_1a45c21f35adb199a2c13081d751ba86,industry_57336afd1f4b40dfd9f5731e35302fe5,Undirected,366,,1.0,"<[-Infinity, Infinity, 1]>","<[2008.0, 2009.0]>"
company_1e25741d99767bc812c5e5ca59ef6c92,industry_57336afd1f4b40dfd9f5731e35302fe5,Undirected,367,,1.0,"<[-Infinity, Infinity, 1]>","<[2009.0, 2010.0]>"
company_48fcb765ff6febe73066f9763b4a8138,industry_555bf8344ca0caf09b42f55e185526d8,Undirected,368,,1.0,"<[-Infinity, Infinity, 1]>","<[2008.0, 2009.0]>"
company_48fcb765ff6febe73066f9763b4a8138,industry_3338b93611000c12bea41bcd7e9ad8c1,Undirected,369,,1.0,"<[-Infinity, Infinity, 5]>","<[2008.0, 2009.0]; [2009.0, 2010.0]; [2010.0, 2011.0]>"
company_aaaa1e2bd20e9a316127cef7b554e32f,industry_57336afd1f4b40dfd9f5731e35302fe5,Undirected,370,,1.0,"<[-Infinity, Infinity, 1]>","<[2010.0, 2011.0]>"
company_1b53876617f497ef3992e94cbaf8954f,industry_05e7d19a6d002118deef70d21ff4226e,Undirected,371,,1.0,"<[-Infinity, Infinity, 1]>","<[2010.0, 2011.0]>"
company_1b53876617f497ef3992e94cbaf8954f,industry_57336afd1f4b40dfd9f5731e35302fe5,Undirected,372,,1.0,"<[-Infinity, Infinity, 1]>","<[2010.0, 2011.0]>"
company_4b758a8278e9976b43c1005a23a49299,industry_57336afd1f4b40dfd9f5731e35302fe5,Undirected,375,,1.0,"<[-Infinity, Infinity, 1]>","<[2010.0, 2011.0]>"
company_fe6e7c01f0f1a429c49c395891c8f719,industry_57336afd1f4b40dfd9f5731e35302fe5,Undirected,373,,1.0,"<[-Infinity, Infinity, 1]>","<[2008.0, 2009.0]>"
company_4b20131ef7b77eb47a2c8b66992eb1a4,industry_57336afd1f4b40dfd9f5731e35302fe5,Undirected,374,,1.0,"<[-Infinity, Infinity, 1]>","<[2009.0, 2010.0]>"
company_816983789dd8e6bfef04702fd29783a2,industry_57336afd1f4b40dfd9f5731e35302fe5,Undirected,376,,1.0,"<[-Infinity, Infinity, 1]>","<[2009.0, 2010.0]>"
company_e7361ad7691740d27641bcb1a081ca33,industry_05e7d19a6d002118deef70d21ff4226e,Undirected,377,,1.0,"<[-Infinity, Infinity, 1]>","<[2009.0, 2010.0]>"
company_283803c500ff96bb2e6ab7e2ed510c41,industry_57336afd1f4b40dfd9f5731e35302fe5,Undirected,378,,1.0,"<[-Infinity, Infinity, 1]>","<[2009.0, 2010.0]>"
company_0a2d8588f9b336c453029d57dc5eb7ed,industry_57336afd1f4b40dfd9f5731e35302fe5,Undirected,379,,1.0,"<[-Infinity, Infinity, 1]>","<[2008.0, 2009.0]>"
company_cd64effa206c47c4cdb1517721801903,industry_57336afd1f4b40dfd9f5731e35302fe5,Undirected,380,,1.0,"<[-Infinity, Infinity, 1]>","<[2011.0, 2012.0]>"
company_bd334db43c61afff60c1514bd32c2ce4,industry_57336afd1f4b40dfd9f5731e35302fe5,Undirected,381,,1.0,"<[-Infinity, Infinity, 2]>","<[2008.0, 2009.0]>"
company_c87b43002a0da1a21fd732705cf627f4,industry_57336afd1f4b40dfd9f5731e35302fe5,Undirected,382,,1.0,"<[-Infinity, Infinity, 1]>","<[2008.0, 2009.0]>"
company_7fd3f164c311ea479528a3d4374972fd,industry_62933a2951ef01f4eafd9bdf4d3cd2f0,Undirected,383,,1.0,"<[-Infinity, Infinity, 1]>","<[2010.0, 2011.0]>"
company_8bb460dc1266bace1026a5876aed6110,industry_57336afd1f4b40dfd9f5731e35302fe5,Undirected,384,,1.0,"<[-Infinity, Infinity, 1]>","<[2008.0, 2009.0]>"
company_5821e945d22edb48ef4845296d700877,industry_57336afd1f4b40dfd9f5731e35302fe5,Undirected,385,,1.0,"<[-Infinity, Infinity, 2]>","<[2009.0, 2010.0]; [2010.0, 2011.0]>"
company_def2979cc8866209a3751fa344350378,industry_555bf8344ca0caf09b42f55e185526d8,Undirected,386,,1.0,"<[-Infinity, Infinity, 6]>","<[2009.0, 2010.0]; [2010.0, 2011.0]>"
company_c67d8c065848970b3ed9ff3613c6ba65,industry_57336afd1f4b40dfd9f5731e35302fe5,Undirected,387,,1.0,"<[-Infinity, Infinity, 1]>","<[2010.0, 2011.0]>"
company_94c7a50a6eb714ae74400485683487d7,industry_8d31d9aa2193cbd93731d668fe8caadc,Undirected,388,,1.0,"<[-Infinity, Infinity, 1]>","<[2010.0, 2011.0]>"
company_d743e8d67af5336d107f470d7b17f437,industry_57336afd1f4b40dfd9f5731e35302fe5,Undirected,389,,1.0,"<[-Infinity, Infinity, 1]>","<[2009.0, 2010.0]>"
company_d421c3f3848dd23ad47b365904352488,industry_d9f9133fb120cd6096870bc2b496805b,Undirected,393,,1.0,"<[-Infinity, Infinity, 1]>","<[2005.0, 2006.0]>"
company_b20a791cd6780e6c7ee9375574775e07,industry_57336afd1f4b40dfd9f5731e35302fe5,Undirected,390,,1.0,"<[-Infinity, Infinity, 1]>","<[2010.0, 2011.0]>"
company_b20a791cd6780e6c7ee9375574775e07,industry_3338b93611000c12bea41bcd7e9ad8c1,Undirected,391,,1.0,"<[-Infinity, Infinity, 1]>","<[2010.0, 2011.0]>"
company_b20a791cd6780e6c7ee9375574775e07,industry_d9f9133fb120cd6096870bc2b496805b,Undirected,392,,1.0,"<[-Infinity, Infinity, 2]>","<[2010.0, 2011.0]>"
company_20a18feb3108c066ebf4c913f284721a,industry_57336afd1f4b40dfd9f5731e35302fe5,Undirected,394,,1.0,"<[-Infinity, Infinity, 1]>","<[2010.0, 2011.0]>"
company_20a18feb3108c066ebf4c913f284721a,industry_8d31d9aa2193cbd93731d668fe8caadc,Undirected,395,,1.0,"<[-Infinity, Infinity, 1]>","<[2010.0, 2011.0]>"
company_b4982a17e95179d28c387b3d08303eae,industry_62933a2951ef01f4eafd9bdf4d3cd2f0,Undirected,396,,1.0,"<[-Infinity, Infinity, 1]>","<[2010.0, 2011.0]>"
company_dba450eec1fe7eeb57597fb2bb650c13,industry_8d31d9aa2193cbd93731d668fe8caadc,Undirected,397,,1.0,"<[-Infinity, Infinity, 1]>","<[2009.0, 2010.0]>"
company_dba450eec1fe7eeb57597fb2bb650c13,industry_69266c67e75c946ef9b4144b0554326d,Undirected,398,,1.0,"<[-Infinity, Infinity, 1]>","<[2009.0, 2010.0]>"
company_254d290cd568731c37ba45103c16c22d,industry_57336afd1f4b40dfd9f5731e35302fe5,Undirected,399,,1.0,"<[-Infinity, Infinity, 1]>","<[2009.0, 2010.0]>"
company_254d290cd568731c37ba45103c16c22d,industry_8d31d9aa2193cbd93731d668fe8caadc,Undirected,400,,1.0,"<[-Infinity, Infinity, 1]>","<[2009.0, 2010.0]>"
company_50f83e24db4b5ff758bb2b11b58e39ad,industry_8d31d9aa2193cbd93731d668fe8caadc,Undirected,401,,1.0,"<[-Infinity, Infinity, 1]>","<[2009.0, 2010.0]>"
company_a4d18fc84a927940d1294e253001ce3d,industry_3338b93611000c12bea41bcd7e9ad8c1,Undirected,402,,1.0,"<[-Infinity, Infinity, 1]>","<[2009.0, 2010.0]>"
company_1814c8f6ccce57937fe808dc1d08bac9,industry_62933a2951ef01f4eafd9bdf4d3cd2f0,Undirected,403,,1.0,"<[-Infinity, Infinity, 1]>","<[2009.0, 2010.0]>"
company_1814c8f6ccce57937fe808dc1d08bac9,industry_69266c67e75c946ef9b4144b0554326d,Undirected,404,,1.0,"<[-Infinity, Infinity, 1]>","<[2009.0, 2010.0]>"
company_38560a88ddb6df2d2138324ad332c647,industry_57336afd1f4b40dfd9f5731e35302fe5,Undirected,405,,1.0,"<[-Infinity, Infinity, 4]>","<[2008.0, 2009.0]; [2010.0, 2011.0]>"
company_38560a88ddb6df2d2138324ad332c647,industry_69266c67e75c946ef9b4144b0554326d,Undirected,406,,1.0,"<[-Infinity, Infinity, 2]>","<[2008.0, 2009.0]; [2010.0, 2011.0]>"
company_9aea7b23b427e31f350251d7764d1ac3,industry_57336afd1f4b40dfd9f5731e35302fe5,Undirected,407,,1.0,"<[-Infinity, Infinity, 1]>","<[2008.0, 2009.0]>"
company_a55e66526a773767dba6e64dd88fd0bb,industry_57336afd1f4b40dfd9f5731e35302fe5,Undirected,408,,1.0,"<[-Infinity, Infinity, 1]>","<[2009.0, 2010.0]>"
company_263e7e39be6ca4e452ae1d2dd1226c39,industry_57336afd1f4b40dfd9f5731e35302fe5,Undirected,409,,1.0,"<[-Infinity, Infinity, 1]>","<[2010.0, 2011.0]>"
company_c0be42a689146da3eefe79271a9dbcee,industry_d9f9133fb120cd6096870bc2b496805b,Undirected,410,,1.0,"<[-Infinity, Infinity, 1]>","<[2009.0, 2010.0]>"
company_1c91f6d507c3d5dd11112dffa82e7d5d,industry_62933a2951ef01f4eafd9bdf4d3cd2f0,Undirected,411,,1.0,"<[-Infinity, Infinity, 1]>","<[2008.0, 2009.0]>"
company_05517387411b1eedf51bf16b4ae7a67c,industry_8d31d9aa2193cbd93731d668fe8caadc,Undirected,412,,1.0,"<[-Infinity, Infinity, 3]>","<[2009.0, 2010.0]>"
company_dc7a08848d3fca273d1535bdb45a85c7,industry_d9f9133fb120cd6096870bc2b496805b,Undirected,413,,1.0,"<[-Infinity, Infinity, 1]>","<[2010.0, 2011.0]>"
company_318f0de8434401bbfd0ca5e42c108743,industry_57336afd1f4b40dfd9f5731e35302fe5,Undirected,414,,1.0,"<[-Infinity, Infinity, 1]>","<[2010.0, 2011.0]>"
company_cdc38147e4f53a09485f7ca7d5ac64b5,industry_d9f9133fb120cd6096870bc2b496805b,Undirected,415,,1.0,"<[-Infinity, Infinity, 1]>","<[2010.0, 2011.0]>"
company_6a56e2c7508ed39ff2b6478a1c09f7cc,industry_d9f9133fb120cd6096870bc2b496805b,Undirected,416,,1.0,"<[-Infinity, Infinity, 1]>","<[2010.0, 2011.0]>"
company_8839093c94b7fd4a64c4f1ae435bd5ce,industry_d9f9133fb120cd6096870bc2b496805b,Undirected,417,,1.0,"<[-Infinity, Infinity, 1]>","<[2007.0, 2008.0]>"
company_39f84a6f5916604a33c4338688a6e921,industry_d9f9133fb120cd6096870bc2b496805b,Undirected,418,,1.0,"<[-Infinity, Infinity, 1]>","<[2010.0, 2011.0]>"
company_1f8b31b1195b31d30e05687d155dcab6,industry_d9f9133fb120cd6096870bc2b496805b,Undirected,419,,1.0,"<[-Infinity, Infinity, 1]>","<[2009.0, 2010.0]>"
company_f7e88c4d89eb4c6e98b776d816cd7a29,industry_57336afd1f4b40dfd9f5731e35302fe5,Undirected,420,,1.0,"<[-Infinity, Infinity, 1]>","<[2009.0, 2010.0]>"
company_cee710ff4b3b000c165c3b628e93670b,industry_57336afd1f4b40dfd9f5731e35302fe5,Undirected,421,,1.0,"<[-Infinity, Infinity, 2]>","<[2006.0, 2007.0]; [2009.0, 2010.0]>"
company_be429268b703a78fdda1d3adb5a237d3,industry_57336afd1f4b40dfd9f5731e35302fe5,Undirected,422,,1.0,"<[-Infinity, Infinity, 1]>","<[2009.0, 2010.0]>"
company_5c11b8180c3dc6442031ac18dbe7e8a0,industry_57336afd1f4b40dfd9f5731e35302fe5,Undirected,423,,1.0,"<[-Infinity, Infinity, 1]>","<[2009.0, 2010.0]>"
company_5c11b8180c3dc6442031ac18dbe7e8a0,industry_62933a2951ef01f4eafd9bdf4d3cd2f0,Undirected,424,,1.0,"<[-Infinity, Infinity, 1]>","<[2009.0, 2010.0]>"
company_5c11b8180c3dc6442031ac18dbe7e8a0,industry_69266c67e75c946ef9b4144b0554326d,Undirected,425,,1.0,"<[-Infinity, Infinity, 1]>","<[2009.0, 2010.0]>"
company_c90679a98f25ba660cbd77a6bcc605b1,industry_57336afd1f4b40dfd9f5731e35302fe5,Undirected,426,,1.0,"<[-Infinity, Infinity, 1]>","<[2009.0, 2010.0]>"
company_1e46a7842ff4f2b38198f603af77402e,industry_57336afd1f4b40dfd9f5731e35302fe5,Undirected,427,,1.0,"<[-Infinity, Infinity, 3]>","<[2008.0, 2009.0]; [2009.0, 2010.0]>"
company_c7007552059bf33955d47650ff320a2d,industry_57336afd1f4b40dfd9f5731e35302fe5,Undirected,428,,1.0,"<[-Infinity, Infinity, 1]>","<[2009.0, 2010.0]>"
company_93710400f3941eb7a2526e481f439aa0,industry_3338b93611000c12bea41bcd7e9ad8c1,Undirected,429,,1.0,"<[-Infinity, Infinity, 1]>","<[2010.0, 2011.0]>"
company_15e46ebef42612cb2ec83fbfa917b847,industry_8d31d9aa2193cbd93731d668fe8caadc,Undirected,430,,1.0,"<[-Infinity, Infinity, 1]>","<[2009.0, 2010.0]>"
company_0d41873e1ae1c543e780ca9ed71f9e88,industry_8d31d9aa2193cbd93731d668fe8caadc,Undirected,431,,1.0,"<[-Infinity, Infinity, 2]>","<[2008.0, 2009.0]; [2010.0, 2011.0]>"
company_82d0eda66a9537ac3b6a4bfd881707d5,industry_57336afd1f4b40dfd9f5731e35302fe5,Undirected,432,,1.0,"<[-Infinity, Infinity, 1]>","<[2009.0, 2010.0]>"
company_e94fd6682103278427e39a72ce71a674,industry_57336afd1f4b40dfd9f5731e35302fe5,Undirected,433,,1.0,"<[-Infinity, Infinity, 1]>","<[2009.0, 2010.0]>"
company_9be6ea07c6a8db992b736acadd5642d2,industry_57336afd1f4b40dfd9f5731e35302fe5,Undirected,434,,1.0,"<[-Infinity, Infinity, 1]>","<[2009.0, 2010.0]>"
company_a23857c79fa9116a88fdaa97661f3086,industry_57336afd1f4b40dfd9f5731e35302fe5,Undirected,435,,1.0,"<[-Infinity, Infinity, 1]>","<[2010.0, 2011.0]>"
company_c3a85269b0cf4508f2c74649ab638600,industry_d9f9133fb120cd6096870bc2b496805b,Undirected,436,,1.0,"<[-Infinity, Infinity, 3]>","<[2009.0, 2010.0]; [2010.0, 2011.0]>"
company_9d89a845e22841aea6025436b7c1e521,industry_8d31d9aa2193cbd93731d668fe8caadc,Undirected,437,,1.0,"<[-Infinity, Infinity, 5]>","<[2008.0, 2009.0]; [2009.0, 2010.0]; [2010.0, 2011.0]>"
company_9d89a845e22841aea6025436b7c1e521,industry_d9f9133fb120cd6096870bc2b496805b,Undirected,438,,1.0,"<[-Infinity, Infinity, 1]>","<[2008.0, 2009.0]>"
company_735d8243f170eb95a0d73d459f442f60,industry_57336afd1f4b40dfd9f5731e35302fe5,Undirected,439,,1.0,"<[-Infinity, Infinity, 1]>","<[2009.0, 2010.0]>"
company_76b4ad4a08f2bfce316ad6d4b1f9765c,industry_62933a2951ef01f4eafd9bdf4d3cd2f0,Undirected,440,,1.0,"<[-Infinity, Infinity, 3]>","<[2009.0, 2010.0]>"
company_a51fe3d58d97650115803090779d17f5,industry_57336afd1f4b40dfd9f5731e35302fe5,Undirected,441,,1.0,"<[-Infinity, Infinity, 1]>","<[2010.0, 2011.0]>"
company_3543252f280f82856d415ada2718946a,industry_57336afd1f4b40dfd9f5731e35302fe5,Undirected,442,,1.0,"<[-Infinity, Infinity, 1]>","<[2009.0, 2010.0]>"
company_5ee0b473cfe354a425295c197ebf7c4e,industry_57336afd1f4b40dfd9f5731e35302fe5,Undirected,443,,1.0,"<[-Infinity, Infinity, 1]>","<[2009.0, 2010.0]>"
company_5ee0b473cfe354a425295c197ebf7c4e,industry_62506be34d574da4a0d158a67253ea99,Undirected,444,,1.0,"<[-Infinity, Infinity, 1]>","<[2009.0, 2010.0]>"
company_6d6c75103db3ea822631ae97fe8f4974,industry_57336afd1f4b40dfd9f5731e35302fe5,Undirected,445,,1.0,"<[-Infinity, Infinity, 1]>","<[2009.0, 2010.0]>"
company_64613dddb176a9233a8077c3ad056c46,industry_57336afd1f4b40dfd9f5731e35302fe5,Undirected,446,,1.0,"<[-Infinity, Infinity, 2]>","<[2009.0, 2010.0]>"
company_0453b4e36abca40fc0541f3585773acb,industry_57336afd1f4b40dfd9f5731e35302fe5,Undirected,447,,1.0,"<[-Infinity, Infinity, 1]>","<[2007.0, 2008.0]>"
company_d3a5dd4633eac3ce2b2b1a9962e6a60c,industry_57336afd1f4b40dfd9f5731e35302fe5,Undirected,448,,1.0,"<[-Infinity, Infinity, 1]>","<[2009.0, 2010.0]>"
company_ab453497a128dba28c6d15a819cc5943,industry_62933a2951ef01f4eafd9bdf4d3cd2f0,Undirected,449,,1.0,"<[-Infinity, Infinity, 1]>","<[2010.0, 2011.0]>"
company_0c960f6a52aa05de517825c0e523f763,industry_8d31d9aa2193cbd93731d668fe8caadc,Undirected,450,,1.0,"<[-Infinity, Infinity, 2]>","<[2010.0, 2011.0]>"
company_0c960f6a52aa05de517825c0e523f763,industry_d9f9133fb120cd6096870bc2b496805b,Undirected,451,,1.0,"<[-Infinity, Infinity, 2]>","<[2010.0, 2011.0]>"
company_0c960f6a52aa05de517825c0e523f763,industry_69266c67e75c946ef9b4144b0554326d,Undirected,452,,1.0,"<[-Infinity, Infinity, 2]>","<[2010.0, 2011.0]>"
company_720578d02bd08476786b99bdbf8472c9,industry_57336afd1f4b40dfd9f5731e35302fe5,Undirected,453,,1.0,"<[-Infinity, Infinity, 1]>","<[2009.0, 2010.0]>"
company_81d51fcb0b27b30464d3d7629796ed36,industry_57336afd1f4b40dfd9f5731e35302fe5,Undirected,454,,1.0,"<[-Infinity, Infinity, 1]>","<[2009.0, 2010.0]>"
company_c47621ea7e5054986e5fb49c310d968f,industry_57336afd1f4b40dfd9f5731e35302fe5,Undirected,455,,1.0,"<[-Infinity, Infinity, 1]>","<[2009.0, 2010.0]>"
company_5525ff59adcaac313923ab89d0a618c5,industry_d9f9133fb120cd6096870bc2b496805b,Undirected,456,,1.0,"<[-Infinity, Infinity, 1]>","<[2010.0, 2011.0]>"
company_54a49bbee928a55a8075538515bb9172,industry_05e7d19a6d002118deef70d21ff4226e,Undirected,457,,1.0,"<[-Infinity, Infinity, 1]>","<[2009.0, 2010.0]>"
company_54a49bbee928a55a8075538515bb9172,industry_57336afd1f4b40dfd9f5731e35302fe5,Undirected,458,,1.0,"<[-Infinity, Infinity, 1]>","<[2009.0, 2010.0]>"
company_77841d6f8922e75181757fc39b92b1b8,industry_57336afd1f4b40dfd9f5731e35302fe5,Undirected,459,,1.0,"<[-Infinity, Infinity, 1]>","<[2009.0, 2010.0]>"
company_77841d6f8922e75181757fc39b92b1b8,industry_62933a2951ef01f4eafd9bdf4d3cd2f0,Undirected,460,,1.0,"<[-Infinity, Infinity, 1]>","<[2009.0, 2010.0]>"
company_2ea1b2d890e0b13f2c79f64428381d3c,industry_57336afd1f4b40dfd9f5731e35302fe5,Undirected,461,,1.0,"<[-Infinity, Infinity, 2]>","<[2009.0, 2010.0]>"
company_2ea1b2d890e0b13f2c79f64428381d3c,industry_555bf8344ca0caf09b42f55e185526d8,Undirected,462,,1.0,"<[-Infinity, Infinity, 2]>","<[2009.0, 2010.0]>"
company_1ce7b285b07c3b6eab32a641a9bc38de,industry_8d31d9aa2193cbd93731d668fe8caadc,Undirected,463,,1.0,"<[-Infinity, Infinity, 1]>","<[2010.0, 2011.0]>"
company_6b9f58246529f25acc2d09440f40df00,industry_8d31d9aa2193cbd93731d668fe8caadc,Undirected,464,,1.0,"<[-Infinity, Infinity, 1]>","<[2009.0, 2010.0]>"
company_6b9f58246529f25acc2d09440f40df00,industry_62933a2951ef01f4eafd9bdf4d3cd2f0,Undirected,465,,1.0,"<[-Infinity, Infinity, 1]>","<[2009.0, 2010.0]>"
company_35106f38615a07a8fe755385c606d1d2,industry_57336afd1f4b40dfd9f5731e35302fe5,Undirected,466,,1.0,"<[-Infinity, Infinity, 2]>","<[2009.0, 2010.0]; [2010.0, 2011.0]>"
company_b2a3e3d84ecf317711b3750443922169,industry_62933a2951ef01f4eafd9bdf4d3cd2f0,Undirected,467,,1.0,"<[-Infinity, Infinity, 1]>","<[2009.0, 2010.0]>"
company_8dda65453781d2fc9794de9e4e4bf723,industry_62933a2951ef01f4eafd9bdf4d3cd2f0,Undirected,468,,1.0,"<[-Infinity, Infinity, 1]>","<[2010.0, 2011.0]>"
company_84bc7eaa45ea2645f030a98e7866f34c,industry_d9f9133fb120cd6096870bc2b496805b,Undirected,470,,1.0,"<[-Infinity, Infinity, 2]>","<[2006.0, 2007.0]; [2009.0, 2010.0]>"
company_667d7490e62e6b942c28510460bc0f1a,industry_d9f9133fb120cd6096870bc2b496805b,Undirected,469,,1.0,"<[-Infinity, Infinity, 1]>","<[2009.0, 2010.0]>"
company_481e5f1f648dc3059de8b63478f66fb5,industry_57336afd1f4b40dfd9f5731e35302fe5,Undirected,471,,1.0,"<[-Infinity, Infinity, 1]>","<[2010.0, 2011.0]>"
company_481e5f1f648dc3059de8b63478f66fb5,industry_8d31d9aa2193cbd93731d668fe8caadc,Undirected,472,,1.0,"<[-Infinity, Infinity, 1]>","<[2010.0, 2011.0]>"
company_2dda8284800eb328b87b7161c94104e2,industry_8d31d9aa2193cbd93731d668fe8caadc,Undirected,473,,1.0,"<[-Infinity, Infinity, 1]>","<[2010.0, 2011.0]>"
company_5a4a25f1d890d6b34f631723b7ac21f8,industry_3338b93611000c12bea41bcd7e9ad8c1,Undirected,474,,1.0,"<[-Infinity, Infinity, 4]>","<[2008.0, 2009.0]; [2009.0, 2010.0]; [2010.0, 2011.0]>"
company_95580dd0c3aeaf7fd49fda41167f61f6,industry_62933a2951ef01f4eafd9bdf4d3cd2f0,Undirected,475,,1.0,"<[-Infinity, Infinity, 1]>","<[2009.0, 2010.0]>"
company_fcc6b131051cab966dd1e44b2cae066b,industry_555bf8344ca0caf09b42f55e185526d8,Undirected,476,,1.0,"<[-Infinity, Infinity, 1]>","<[2009.0, 2010.0]>"
company_cd2899f7b0d65124d3c05cd0e85136b9,industry_57336afd1f4b40dfd9f5731e35302fe5,Undirected,477,,1.0,"<[-Infinity, Infinity, 2]>","<[2009.0, 2010.0]; [2010.0, 2011.0]>"
company_cd2899f7b0d65124d3c05cd0e85136b9,industry_d9f9133fb120cd6096870bc2b496805b,Undirected,478,,1.0,"<[-Infinity, Infinity, 2]>","<[2009.0, 2010.0]; [2010.0, 2011.0]>"
company_f8f5c50313643c64e558572b739201d9,industry_57336afd1f4b40dfd9f5731e35302fe5,Undirected,479,,1.0,"<[-Infinity, Infinity, 1]>","<[2010.0, 2011.0]>"
company_f8f5c50313643c64e558572b739201d9,industry_d9f9133fb120cd6096870bc2b496805b,Undirected,480,,1.0,"<[-Infinity, Infinity, 1]>","<[2010.0, 2011.0]>"
company_54c9285b943a2e901b1fbc7e08563a1d,industry_05e7d19a6d002118deef70d21ff4226e,Undirected,481,,1.0,"<[-Infinity, Infinity, 2]>","<[2009.0, 2010.0]>"
company_aaec1c82ec5e6be900432963630adf88,industry_57336afd1f4b40dfd9f5731e35302fe5,Undirected,482,,1.0,"<[-Infinity, Infinity, 1]>","<[2010.0, 2011.0]>"
company_d084b20bca50741f25c4f4b0aa1fd305,industry_62506be34d574da4a0d158a67253ea99,Undirected,483,,1.0,"<[-Infinity, Infinity, 1]>","<[2009.0, 2010.0]>"
company_6faf3972bcd472b77d409c9760c5fcd0,industry_57336afd1f4b40dfd9f5731e35302fe5,Undirected,484,,1.0,"<[-Infinity, Infinity, 1]>","<[2009.0, 2010.0]>"
company_138302b0827e3452c274b6239fed08bd,industry_555bf8344ca0caf09b42f55e185526d8,Undirected,485,,1.0,"<[-Infinity, Infinity, 1]>","<[2009.0, 2010.0]>"
company_5e1c075cb448e21d853ad76712360c47,industry_57336afd1f4b40dfd9f5731e35302fe5,Undirected,487,,1.0,"<[-Infinity, Infinity, 6]>","<[2005.0, 2006.0]; [2006.0, 2007.0]; [2009.0, 2010.0]; [2010.0, 2011.0]>"
company_2236ab89726aa7c6c05a25f67a2a54d2,industry_57336afd1f4b40dfd9f5731e35302fe5,Undirected,486,,1.0,"<[-Infinity, Infinity, 1]>","<[2009.0, 2010.0]>"
company_234162336dc6943d6612bb825adfaba7,industry_8d31d9aa2193cbd93731d668fe8caadc,Undirected,488,,1.0,"<[-Infinity, Infinity, 1]>","<[2009.0, 2010.0]>"
company_af2d91a08afd28170bcf7095ceff04c4,industry_57336afd1f4b40dfd9f5731e35302fe5,Undirected,489,,1.0,"<[-Infinity, Infinity, 1]>","<[2009.0, 2010.0]>"
company_63779dd4a078300a0b8745d05c114f08,industry_8d31d9aa2193cbd93731d668fe8caadc,Undirected,490,,1.0,"<[-Infinity, Infinity, 1]>","<[2010.0, 2011.0]>"
company_cfbd35aa1960256cbdfaa7cff8732df5,industry_05e7d19a6d002118deef70d21ff4226e,Undirected,491,,1.0,"<[-Infinity, Infinity, 1]>","<[2010.0, 2011.0]>"
company_4adcb535531536191bd098b29ed0a0e9,industry_57336afd1f4b40dfd9f5731e35302fe5,Undirected,492,,1.0,"<[-Infinity, Infinity, 3]>","<[2006.0, 2007.0]; [2010.0, 2011.0]>"
company_fa56ccce19875da6669ca3f96eee4d19,industry_57336afd1f4b40dfd9f5731e35302fe5,Undirected,493,,1.0,"<[-Infinity, Infinity, 1]>","<[2008.0, 2009.0]>"
company_fa56ccce19875da6669ca3f96eee4d19,industry_555bf8344ca0caf09b42f55e185526d8,Undirected,494,,1.0,"<[-Infinity, Infinity, 1]>","<[2008.0, 2009.0]>"
